-- phpMyAdmin SQL Dump
-- version 4.9.0.1
-- https://www.phpmyadmin.net/
--
-- Gép: 127.0.0.1
-- Létrehozás ideje: 2023. Dec 05. 18:15
-- Kiszolgáló verziója: 10.4.6-MariaDB
-- PHP verzió: 7.3.8

SET SQL_MODE = "NO_AUTO_VALUE_ON_ZERO";
SET AUTOCOMMIT = 0;
START TRANSACTION;
SET time_zone = "+00:00";


/*!40101 SET @OLD_CHARACTER_SET_CLIENT=@@CHARACTER_SET_CLIENT */;
/*!40101 SET @OLD_CHARACTER_SET_RESULTS=@@CHARACTER_SET_RESULTS */;
/*!40101 SET @OLD_COLLATION_CONNECTION=@@COLLATION_CONNECTION */;
/*!40101 SET NAMES utf8mb4 */;

--
-- Adatbázis: `partyservice`
--

DELIMITER $$
--
-- Függvények
--
CREATE DEFINER=`root`@`localhost` FUNCTION `BASE64_ENCODE` (`textIn` LONGBLOB) RETURNS LONGTEXT CHARSET utf8mb4 NO SQL
BEGIN
/*
	Convert blob to base64 text, remove start, end spaces,
	newline, carriage return, and tab characters from text 
*/
DECLARE textOut LONGTEXT CHARSET utf8mb4 DEFAULT '';
IF (textIn IS NOT NULL) THEN
	SET textOut = TO_BASE64(textIn);
    SET textOut = TRIM(textOut);
    IF (LENGTH(textOut) > 0) THEN
    	SET textOut = REPLACE(textOut,"\n","");
    	SET textOut = REPLACE(textOut,"\r","");
    	SET textOut = REPLACE(textOut,"\t","");
    END IF;
END IF;
RETURN textOut;
END$$

DELIMITER ;

-- --------------------------------------------------------

--
-- Tábla szerkezet ehhez a táblához `dishes`
--

CREATE TABLE `dishes` (
  `id` int(10) UNSIGNED NOT NULL,
  `name` varchar(50) NOT NULL,
  `description` varchar(20) NOT NULL,
  `dish_category_id` int(11) NOT NULL,
  `price` int(11) NOT NULL
) ENGINE=InnoDB DEFAULT CHARSET=utf8mb4;

--
-- A tábla adatainak kiíratása `dishes`
--

INSERT INTO `dishes` (`id`, `name`, `description`, `dish_category_id`, `price`) VALUES
(1, 'pastries', 'des_pastries', 1, 800),
(2, 'chicken_soup', 'des_chicken_soup', 2, 2200),
(3, 'ragout_soup', 'des_ragout_soup', 2, 2200),
(4, 'roast_platter1', 'des_roast_platter1', 3, 3500),
(5, 'roast_platter2', 'des_roast_platter2', 3, 4500),
(6, 'slide_dish', 'des_slide_dish', 7, 1000),
(7, 'salad', 'des_salad', 8, 800),
(8, 'cabbage_rolls', 'des_cabbage_rolls', 9, 2000),
(9, 'boiled_sausag', 'des_boiled_sausage', 9, 1000),
(10, 'cheese_platter', 'des_cheese_platter', 9, 4500),
(11, 'cheese_platter', 'des_cheese_platter', 5, 4500),
(12, 'chocolate_cake', 'des_chocolate_cake', 4, 1400),
(13, 'drink_package_1', 'des_drink_package_1', 6, 12000),
(14, 'cold_fruit_soup', 'des_cold_fruit_soup', 2, 1000),
(15, 'cold_platter', 'des_cold_platter', 5, 3000),
(16, 'drink_package_2', 'des_drink_package_2', 6, 10000),
(17, 'sandwich', 'des_sandwich', 5, 2000),
(18, 'drink_package_3', 'des_drink_package_3', 6, 4000),
(19, 'custom', 'des_custom', 10, 0);

-- --------------------------------------------------------

--
-- Tábla szerkezet ehhez a táblához `dish_categories`
--

CREATE TABLE `dish_categories` (
  `id` int(1) UNSIGNED NOT NULL,
  `type` varchar(20) NOT NULL
) ENGINE=InnoDB DEFAULT CHARSET=utf8mb4;

--
-- A tábla adatainak kiíratása `dish_categories`
--

INSERT INTO `dish_categories` (`id`, `type`) VALUES
(1, 'finger_foods'),
(2, 'appetizer'),
(3, 'main_course'),
(4, 'dessert'),
(5, 'cold_platter'),
(6, 'drinks'),
(7, 'slide_dish'),
(8, 'salad'),
(9, 'midnight_dinner'),
(10, 'custom');

-- --------------------------------------------------------

--
-- Tábla szerkezet ehhez a táblához `events`
--

CREATE TABLE `events` (
  `id` int(10) UNSIGNED NOT NULL,
  `date` date NOT NULL,
  `user_id` int(10) NOT NULL,
  `event_places_id` int(1) NOT NULL,
  `event_type_id` int(1) NOT NULL,
  `menu_id` int(11) DEFAULT NULL,
  `drink_package_id` int(1) DEFAULT NULL,
  `guests` int(3) NOT NULL
) ENGINE=InnoDB DEFAULT CHARSET=utf8mb4;

--
-- A tábla adatainak kiíratása `events`
--

INSERT INTO `events` (`id`, `date`, `user_id`, `event_places_id`, `event_type_id`, `menu_id`, `drink_package_id`, `guests`) VALUES
(1, '2023-11-25', 2, 2, 2, 2, 14, 40),
(3, '2023-12-01', 1, 1, 4, 9, 12, 50),
(4, '2023-11-15', 1, 1, 1, 9, 12, 50),
(5, '2023-11-08', 1, 1, 1, 0, 12, 50),
(6, '2024-06-21', 1, 3, 2, 1, 12, 100),
(7, '2021-10-12', 1, 1, 4, 9, 12, 38),
(8, '2024-05-16', 9, 2, 1, 3, 14, 80),
(9, '2023-12-15', 32, 2, 1, 3, 15, 25),
(10, '2023-11-18', 5, 2, 4, 4, 14, 25),
(11, '2023-12-09', 23, 1, 6, 8, 14, 100),
(12, '2023-11-15', 1, 1, 1, 7, 12, 50),
(13, '2024-06-22', 1, 2, 1, 3, 14, 66),
(14, '2025-07-09', 1, 2, 8, 11, 15, 20),
(15, '2024-03-08', 1, 2, 3, 5, 14, 50),
(16, '2024-01-19', 1, 1, 6, 12, 14, 30),
(17, '2025-07-19', 1, 3, 2, 1, 13, 150),
(18, '2023-12-31', 1, 3, 7, 10, 13, 115),
(19, '2024-05-10', 1, 1, 5, 6, 15, 10),
(20, '2024-06-21', 1, 4, 1, 3, 14, 55),
(21, '2024-05-18', 1, 1, 1, 6, 15, 30),
(22, '2024-06-22', 1, 4, 8, 11, 15, 20),
(23, '2024-06-15', 1, 4, 6, 12, 14, 12);

-- --------------------------------------------------------

--
-- Tábla szerkezet ehhez a táblához `event_places`
--

CREATE TABLE `event_places` (
  `id` int(1) UNSIGNED NOT NULL,
  `place_name` varchar(50) NOT NULL,
  `capacity` int(4) NOT NULL
) ENGINE=InnoDB DEFAULT CHARSET=utf8mb4;

--
-- A tábla adatainak kiíratása `event_places`
--

INSERT INTO `event_places` (`id`, `place_name`, `capacity`) VALUES
(1, 'external_location', 500),
(2, 'small_room', 80),
(3, 'grand_hall', 150),
(4, 'outdoor', 300);

-- --------------------------------------------------------

--
-- Tábla szerkezet ehhez a táblához `event_types`
--

CREATE TABLE `event_types` (
  `id` int(10) NOT NULL,
  `name` varchar(30) NOT NULL
) ENGINE=InnoDB DEFAULT CHARSET=utf8mb4;

--
-- A tábla adatainak kiíratása `event_types`
--

INSERT INTO `event_types` (`id`, `name`) VALUES
(1, 'birthday'),
(2, 'wedding'),
(3, 'stag_party'),
(4, 'hen_party'),
(5, 'kids_party'),
(6, 'other_party'),
(7, 'new_year_party'),
(8, 'graduation');

-- --------------------------------------------------------

--
-- Tábla szerkezet ehhez a táblához `genders`
--

CREATE TABLE `genders` (
  `id` int(1) UNSIGNED NOT NULL,
  `name` varchar(10) NOT NULL
) ENGINE=InnoDB DEFAULT CHARSET=utf8mb4;

--
-- A tábla adatainak kiíratása `genders`
--

INSERT INTO `genders` (`id`, `name`) VALUES
(1, 'male'),
(2, 'female');

-- --------------------------------------------------------

--
-- Tábla szerkezet ehhez a táblához `menus`
--

CREATE TABLE `menus` (
  `id` int(10) UNSIGNED NOT NULL,
  `name` varchar(50) NOT NULL,
  `event_type_id` varchar(50) NOT NULL
) ENGINE=InnoDB DEFAULT CHARSET=utf8mb4;

--
-- A tábla adatainak kiíratása `menus`
--

INSERT INTO `menus` (`id`, `name`, `event_type_id`) VALUES
(1, 'wedding_menu_I', '2'),
(2, 'wedding_menu_II', '2'),
(3, 'birthday_menu', '1'),
(4, 'hen_party_menu', '4'),
(5, 'stag_party_menu', '3'),
(6, 'kids_party_menu', '5'),
(7, 'other_menu_I', '6'),
(8, 'other_menu_II', '6'),
(9, 'other_menu_III', '6'),
(10, 'new_year_menu', '7'),
(11, 'graduation_menu', '8'),
(12, 'custom_menu', ''),
(13, 'drink_package_1', ''),
(14, 'drink_package_2', ''),
(15, 'drink_package_3', '');

-- --------------------------------------------------------

--
-- Tábla szerkezet ehhez a táblához `menu_dishes`
--

CREATE TABLE `menu_dishes` (
  `id` int(3) UNSIGNED NOT NULL,
  `menu_id` int(3) NOT NULL,
  `dish_id` int(3) NOT NULL
) ENGINE=InnoDB DEFAULT CHARSET=utf8mb4;

--
-- A tábla adatainak kiíratása `menu_dishes`
--

INSERT INTO `menu_dishes` (`id`, `menu_id`, `dish_id`) VALUES
(1, 1, 1),
(2, 1, 2),
(3, 1, 4),
(4, 1, 6),
(5, 1, 7),
(6, 1, 12),
(7, 1, 8),
(8, 2, 1),
(9, 2, 3),
(10, 2, 5),
(11, 2, 6),
(12, 2, 7),
(13, 2, 12),
(14, 2, 8),
(15, 3, 1),
(16, 3, 2),
(17, 3, 1),
(18, 3, 6),
(19, 3, 7),
(20, 3, 12),
(21, 4, 17),
(22, 5, 11),
(23, 6, 1),
(24, 6, 17),
(25, 7, 1),
(26, 7, 11),
(27, 8, 1),
(28, 8, 15),
(29, 9, 1),
(30, 9, 17),
(31, 10, 1),
(32, 10, 4),
(33, 10, 6),
(34, 10, 7),
(35, 11, 1),
(36, 11, 14),
(37, 11, 5),
(38, 11, 6),
(39, 11, 7),
(79, 12, 19),
(80, 13, 13),
(81, 14, 16),
(82, 15, 18);

-- --------------------------------------------------------

--
-- Tábla szerkezet ehhez a táblához `orders`
--

CREATE TABLE `orders` (
  `id` int(10) UNSIGNED NOT NULL,
  `user_id` int(10) NOT NULL,
  `product_id` int(10) NOT NULL,
  `order_date` timestamp NOT NULL DEFAULT current_timestamp()
) ENGINE=InnoDB DEFAULT CHARSET=utf8mb4;

-- --------------------------------------------------------

--
-- Tábla szerkezet ehhez a táblához `products`
--

CREATE TABLE `products` (
  `id` int(10) UNSIGNED NOT NULL,
  `product_name` varchar(50) NOT NULL,
  `image` varchar(50) NOT NULL,
  `description` varchar(20) NOT NULL,
  `category` varchar(20) NOT NULL,
  `price` int(10) NOT NULL,
  `stock` int(10) NOT NULL,
  `is_stock` tinyint(1) NOT NULL DEFAULT 1
) ENGINE=InnoDB DEFAULT CHARSET=utf8mb4;

--
-- A tábla adatainak kiíratása `products`
--

INSERT INTO `products` (`id`, `product_name`, `image`, `description`, `category`, `price`, `stock`, `is_stock`) VALUES
(1, 'balloon_red', 'lufi_szines.jpg', 'desc_balloon', 'decoration', 500, 998, 1),
(2, 'balloon_blue', 'lufi_szines.jpg', 'desc_balloon', 'decoration', 500, 998, 1),
(3, 'balloon_green', 'lufi_szines.jpg', 'desc_balloon', 'decoration', 500, 998, 1),
(4, 'balloon_yellow', 'lufi_szines.jpg', 'desc_balloon', 'decoration', 500, 998, 1),
(5, 'balloon_bd_red', 'lufi_szulinapos.pjg', 'desc_balloon', 'decoration', 500, 998, 1),
(6, 'balloon_birthday_blue', 'lufi_szulinapos.pjg', 'desc_balloon', 'decoration', 500, 998, 1),
(7, 'ballon_birtday_yellow', 'lufi_szulinapos.pjg', 'desc_balloon', 'decoration', 500, 998, 1),
(8, 'ballon_birtday_green', 'lufi_szulinapos.pjg', 'desc_balloon', 'decoration', 500, 998, 1),
(9, 'ballon_heart_shaped_red', 'lufi_sziv.jpg', 'desc_balloon', 'decoration', 500, 998, 1),
(10, 'balloon_heart-shaped with red lettering', 'lufi_sziv_feliratos.jpg', 'desc_balloon', 'decoration', 500, 998, 1),
(11, 'balloon_smile', 'lufi_smile.jpg', 'desc_balloon', 'decoration', 500, 998, 1),
(12, 'paper-plate', 'papirtanyer.jpg', 'desc_paper_plate', 'tableware', 125, 1200, 1),
(13, 'paper_plate_blue', 'papirtanyer-kek.jpg', 'desc_paper_plate', 'tableware', 125, 1225, 1),
(14, 'straw_red', 'szivoszal_piros.jpg', 'desc_straw', 'tableware', 95, 1500, 1),
(15, 'straw_yellow', 'szivoszal_sarga.jpg', 'desc_straw', 'tableware', 95, 1525, 1),
(16, 'straw_pink', 'szivoszal_tobb szin.jpg', 'desc_straw', 'tableware', 95, 1615, 1),
(17, 'straw_blue', 'szivoszal_tobb szin2.jpg', 'desc_straw', 'tableware', 95, 1600, 1),
(18, 'balloon_weight', 'lufi_suly.jpg', 'desc_balloon_weight', 'decoration', 450, 625, 1),
(19, 'party_hat_glitter', 'kalap1.jpg', 'desc_party_hat', 'decoration', 500, 990, 1),
(20, 'party_hat_yellow', 'kalap2.jpg', 'desc_party_hat', 'decoration', 500, 990, 1),
(21, 'party_hat_blue', 'kalap3.jpg', 'desc_party_hat', 'decoration', 500, 990, 1),
(22, 'helium_bottle_without_balloons', 'helium.jpg', 'desc_helium_bottle_w', 'decoration', 325, 13200, 1),
(23, 'helium_spray_without_balloons', 'helium.jpg', 'desc_helium_spray_w', 'decoration', 415, 4200, 1),
(24, 'biding_tape_orange_225m', 'bidingtape.jpg', 'desc_biding_tape_ora', 'decoration', 187, 915, 1),
(25, 'napkin', 'szalveta.jpg', 'desc_napkin', 'tableware', 135, 1640, 1),
(26, 'party_glasses_red', 'partyszemuveg.jpg', 'desc_party_glasses', 'decoration', 517, 785, 1),
(27, 'party_glasses_gold', 'partyszemuveg.jpg', 'desc_party_glasses', 'decoration', 330, 780, 1),
(28, 'tablecloth_gold', 'asztalterito.jpg', 'desc_tablecloth', 'tablecloth', 465, 1500, 1),
(29, 'tablecloth_silver', 'asztalterito.jpg', 'desc_tablecloth', 'tableware', 465, 1500, 1),
(30, 'tablecloth_white_gold', 'asztalterito.jpg', 'desc_tablecloth', 'tableware', 465, 1500, 1),
(31, 'tablecloth_chrome_silver', 'asztalterito.jpg', 'desc_tablecloth', 'tableware', 514, 980, 1),
(32, 'tablecloth_white', 'asztalterito.jpg', 'desc_tablecloth', 'tableware', 565, 950, 1),
(33, 'wig_blue_short', 'paroka1.jpg', 'desc_wig', 'decoration', 265, 4400, 1),
(34, 'wig_orange_short', 'paroka.jpg', 'desc_wig', 'decoration', 265, 4400, 1),
(35, 'wig_black_curly', 'paroka.jpg', 'desc_wig', 'decoration', 345, 6300, 1),
(36, 'hair_coloring_hair_chalk_blue', 'hajkreta.jpg', 'desc_hair_coloring_h', 'decoration', 315, 1280, 1),
(37, 'hair_coloring_hair_chalk_red', 'hajkreta.jpg', 'desc_hair_coloring_h', 'decoration', 318, 1280, 1),
(38, 'floot_candle_white_6db', 'uszogyertya.jpg', 'desc_floot_candle', 'decoration', 625, 1618, 1),
(39, 'floot_candle_red_6db', 'uszogyertya.jpg', 'desc_floot_candle', 'decoration', 625, 1618, 1),
(40, 'floot_candle_silver_6db', 'uszogyertya.jpg', 'desc_floot_candle', 'decoration', 625, 1618, 1),
(41, 'glass_footed_floating_candle_holder', 'uszogyertya.jpg', 'desc_glassFFCH', 'decoration', 158, 2200, 1);

-- --------------------------------------------------------

--
-- Tábla szerkezet ehhez a táblához `ratings`
--

CREATE TABLE `ratings` (
  `id` int(10) UNSIGNED NOT NULL,
  `user_id` int(10) NOT NULL,
  `rating` int(1) NOT NULL,
  `rating_text` text DEFAULT NULL,
  `rating_answer` text DEFAULT NULL,
  `date` date NOT NULL DEFAULT current_timestamp()
) ENGINE=InnoDB DEFAULT CHARSET=utf8mb4;

--
-- A tábla adatainak kiíratása `ratings`
--

INSERT INTO `ratings` (`id`, `user_id`, `rating`, `rating_text`, `rating_answer`, `date`) VALUES
(1, 1, 5, 'A PartyService mindig megmenti a napomat! A legutóbbi születésnapi bulim káprázatos volt, köszönhetően az elképesztő dekorációknak és a segítőkész csapatnak. ', 'Köszönjük szépen az értékelést!', '2022-09-08'),
(2, 10, 4, 'Az esküvőnk a PartyService segítségével igazi álom volt. Minden részletre odafigyeltek, és a dekoráció gyönyörű volt!', NULL, '2021-05-13'),
(3, 18, 5, 'Nagyszerű élmény volt együttműködni a PartyService csapatával a cégem éves rendezvényének szervezésekor. Profik az utolsó pillanatig!', NULL, '2023-06-06'),
(4, 9, 5, 'Csak a PartyService-ben bízok, ha egy különleges partit szervezek. Kiváló termékek és fantasztikus szolgáltatás minden alkalomra!', NULL, '2022-08-19'),
(5, 11, 5, 'Nem találhatnék jobb partiszervizt Magyarországon. A PartyService mindig új és izgalmas ötletekkel áll elő, és segít megvalósítani az elképzeléseimet.', NULL, '2019-10-21'),
(6, 15, 5, 'A PartyService hűséges ügyfeleként azt kell mondanom, hogy mindig a legjobbat kapjuk. A termékeik minősége és az elképesztő kreativitásuk garantálja a sikerünket. Mindig bízom bennük, hogy minden részletre odafigyelnek, és a rendezvényünk minden elvárásunkat felülmúlja.', NULL, '2022-05-29'),
(7, 6, 5, 'Egyszerűen nem tudom elképzelni egy rendezvényt a PartyService nélkül. Minden alkalommal meglepnek a szakértelemmel és az odaadással. A csapat mindig elérhető, hogy megoldást találjon az összes kihívásra, és garantálja, hogy a buli tökéletes legyen minden szempontból.', NULL, '2023-06-08');

-- --------------------------------------------------------

--
-- Tábla szerkezet ehhez a táblához `users`
--

CREATE TABLE `users` (
  `id` int(10) UNSIGNED NOT NULL,
  `user_role_id` int(1) NOT NULL DEFAULT 2,
  `last_name` varchar(50) NOT NULL,
  `first_name` varchar(50) NOT NULL,
  `born` date NOT NULL,
  `gender_id` int(1) NOT NULL,
  `img` blob DEFAULT NULL,
  `img_type` varchar(100) DEFAULT NULL,
  `country` varchar(50) NOT NULL,
  `country_code` varchar(10) NOT NULL,
  `phone` varchar(20) NOT NULL,
  `city` varchar(50) NOT NULL,
  `postcode` varchar(20) NOT NULL,
  `address` text NOT NULL,
  `email` varchar(50) NOT NULL,
  `password` varchar(255) NOT NULL,
  `created` timestamp NOT NULL DEFAULT current_timestamp(),
  `modified` datetime DEFAULT NULL,
  `last_login` datetime NOT NULL,
  `wrong_attempts` tinyint(1) UNSIGNED NOT NULL DEFAULT 0,
  `valid` tinyint(1) UNSIGNED NOT NULL DEFAULT 1,
  `verification_code` varchar(32) NOT NULL
) ENGINE=InnoDB DEFAULT CHARSET=utf8mb4;

--
-- A tábla adatainak kiíratása `users`
--

INSERT INTO `users` (`id`, `user_role_id`, `last_name`, `first_name`, `born`, `gender_id`, `img`, `img_type`, `country`, `country_code`, `phone`, `city`, `postcode`, `address`, `email`, `password`, `created`, `modified`, `last_login`, `wrong_attempts`, `valid`, `verification_code`) VALUES
(1, 1, 'Kertész', 'István', '1983-06-24', 1, 0xffd8ffe000104a46494600010100000100010000ffe201d84943435f50524f46494c45000101000001c86c636d73021000006d6e74725247422058595a2007e2000300140009000e001d616373704d53465400000000736177736374726c0000000000000000000000000000f6d6000100000000d32d68616e649d91003d4080b03d40742c819ea5228e000000000000000000000000000000000000000000000000000000000000000964657363000000f00000005f637072740000010c0000000c7774707400000118000000147258595a0000012c000000146758595a00000140000000146258595a00000154000000147254524300000168000000606754524300000168000000606254524300000168000000606465736300000000000000057552474200000000000000000000000074657874000000004343300058595a20000000000000f35400010000000116c958595a200000000000006fa0000038f20000038f58595a2000000000000062960000b789000018da58595a2000000000000024a000000f850000b6c463757276000000000000002a0000007c00f8019c0275038304c9064e08120a180c620ef411cf14f6186a1c2e204324ac296a2e7e33eb39b33fd646574d3654765c17641d6c8675567e8d882c92369caba78cb2dbbe99cac7d765e477f1f9ffffffdb0043000503040404030504040405050506070c08070707070f0b0b090c110f1212110f111113161c1713141a1511111821181a1d1d1f1f1f13172224221e241c1e1f1effdb0043010505050706070e08080e1e1411141e1e1e1e1e1e1e1e1e1e1e1e1e1e1e1e1e1e1e1e1e1e1e1e1e1e1e1e1e1e1e1e1e1e1e1e1e1e1e1e1e1e1e1e1e1e1e1e1e1effc00011080190019003012200021101031101ffc4001f0000010501010101010100000000000000000102030405060708090a0bffc400b5100002010303020403050504040000017d01020300041105122131410613516107227114328191a1082342b1c11552d1f02433627282090a161718191a25262728292a3435363738393a434445464748494a535455565758595a636465666768696a737475767778797a838485868788898a92939495969798999aa2a3a4a5a6a7a8a9aab2b3b4b5b6b7b8b9bac2c3c4c5c6c7c8c9cad2d3d4d5d6d7d8d9dae1e2e3e4e5e6e7e8e9eaf1f2f3f4f5f6f7f8f9faffc4001f0100030101010101010101010000000000000102030405060708090a0bffc400b51100020102040403040705040400010277000102031104052131061241510761711322328108144291a1b1c109233352f0156272d10a162434e125f11718191a262728292a35363738393a434445464748494a535455565758595a636465666768696a737475767778797a82838485868788898a92939495969798999aa2a3a4a5a6a7a8a9aab2b3b4b5b6b7b8b9bac2c3c4c5c6c7c8c9cad2d3d4d5d6d7d8d9dae2e3e4e5e6e7e8e9eaf2f3f4f5f6f7f8f9faffda000c03010002110311003f00f9528a28afb63d50a28a2800a28a2800a28a7b4acd1244426d424821003ce3a9c64f4efd3b500328a28a0028a28a0028a29f24b24891a3b12b12ec41e8324e3f327f3a0065145140051451400514535ce10d09ea4c9d910b1a6d068ad4e16ee1451452ba00a28a284ee20a28a298c28a28a4dd8029ed1b88d6464608f9dac47071d714ca29b130a28a2818bda96300919e94b2a796c1772b6543654e47201c7d46707de97a213ebc50b505a8c639349451405ee145141381cd4b620a4660a393cd46d2f614cce7ad613af6d109b1cd21238a61e68a2b9dc9bdc9dc2ae69964979f69df7f6969e45bbcc3ed0cc3cd2b8fdda601cb9cf00e071d4553a2a1aba04145145318514514099a7451524d188e428b324a300ee4ce3919ee01f6aeeb9ea11d1450012702800a2bb5f04fc31f1678aed756b9d3ec1a18f4cb637121b9464f33d1138e58804fa71c91c571558d3c4d2a92718bbb4369a0a7480038539e076f6a6d15b087c4222c7cd7755dad82aa18eec1c0ea3827009ec39c1e859451458028a8e49513dcd5696776e01c0ace55631329d5512e3ca8bd58540d72a3a0cd5524f5a4c562eb5ce795693d8b06e9c9e80527da24f51f954147353ed1f733e79137da64f51f954b14ecc8c7683b7a81f8d54ef5a1a1a07b8208c823047e15956ad2846f7055257dc4599762c87804f5eb525e44555654c344c3208a9e2b4449a4b593fd5c9f321a5b30f6ac6cee8031b7dc6ec7dab95639a7cc5b9c9ee6777ab7a669b79a95ca5bd95bcb3c8e76aaa29249f4f7ad1b2d3ac7fb4e17bdf3fec7bc79c2000c817fd904804fe22bd35fe2de8de10b46d3fe1cf84a3b56dbb5b52d4c079dff00e02bc2fe78ff0066a3179b5595a1878eaceac353a2d73556717acfc3cd73c3f0e9971e20b56d3edf5097cb492660bb318c961cb000367919c03c55ff001afc32d57c2c62fed4b664866ff53711482489ff0011fc8e0d627883c75e2af155dc5ff0916b5717d107cac4d858d188c642280075c74aeb23f881a84bf0f24f076ad6e6fe089e37b0b82d992dc29fb873f79769207719c72318f13193cca8b8cb9aefad8f430b5b08ea38ca3a33cbeee17b79da17eaa6a1ad3d75d26bb57872c360078c739359a411d6bebb0389f6b462e7b9e562a118d56a1b095247197491b7a2f96bbb0cd82dc8181ea79cfd01a8e8aedbae8ce7dc296ac225a1b199e59e61741d0451ac40a32fcdb8b36e0548c2e0007393c8c735a9a95c614f2a044afbd492c46c19dc318e7d3073fa1a6529eb4d898945140e4e314c0722ee6c74a591b2d81d07029cc762edee7ad47492298945151c926381533a8a24b761cee178ef50b12d49f5a3f0ae39d4722428a2951d91d5d18ab29c820e083eb59084e68a7cd24934cf34d23492c8c59dddb73313c9249ea6994200a952077b6927062db1b2ab032286c9ce30a4e5870724020719c645454734f5e81b85145140c28a7c6630afe62b3315f9086c05391c9e0e463231c75073c60b2816e69d14515dc7a814fb796582e239e07292c6c1d1875041c834ca2a651e64d01fa1df0fb59fb7785f445d62fec1b5abdb18e79a189941662a093b73ef5f1d7ed13ade8bab7c45bdb5d17c3767a2c7a6cd2da4ad04611ae5d5c832301c75071df1d7d079ed85e5d585e457965712db5cc4dba396262ac87d411d292f2e27bcbb96eaea69269e672f24923659d89c924f739af032ec93ea789956e6bdcd25539958868a28afa16ec664f772dbbc36cb0db792f1c45667f30b095f7b1df8fe1f94aae3fd9cf7aa134ffc29d7d6ae5869d7dab4fe4d9c45803f331e157ea6bb7d0fc21a7d90496f00bb9f1939fb80fb0eff008fe95f3f9967b43069c6f767760b29c563dda9ab2ee709a5689aaeaae16cece5901fe2c6147d49e2baad3be1b5f48435edfc100feea02e7fa0aeff004b8c0932a005518c0eded5a190588cf22be2b15c5188a8ed4f43e829f0c50a0ed51dd98fa07c28f0d9b28e6bc9af6e6460720c8157a9e800cfeb4cd5fe1df862daf4ac56932a3282a3ce638ed5dd787a62f6ad19eb1b647d0ff9355bc4a009a16ee548af988e778e7886a53677c72ac2c63f02386b1f86fe1cbcba58585e46ac0e4a4a3238f706b1f5af86b6768ef1c17f382ac466450d81dba62bd374019bf27d109aafe2951f6994faa8cd75d3cff1b0adcaa63864d83a9249c0f13d43c11aa4019ed8c572a0f456c363e87ffaf59da45bcb6f3b2cc8c8e090558608c7b57a4f88750feceb02e8479d21d9103ea7bfe1d6b8539fb58cb16254924f5273c9afb1cb731c462a93f6bb1f29c4397e1705554283d47cf1f989903e65395fad2c4e2455907de53d0f6229d51491b06df11009eabd9abbee7ce0e6deac48f994f381d47d28cc532e30adf51d2923995ced20abff0074f5ff00f552bc68e72c39f5079a36d80824b285fb60d4d2c97265790ac4fb8e485509efc0e83e829bbda120b1dc878dde9f5a9860818a6e4e5bb0442268dbe591761f4714ad6f0be7318fc2a47557186008a88c4f0e4c2df2f7427f950a4d6cc4c8dec2dcf4047d0d40fa62f547fceaf4522c8a482463a8ee29e2b58e22a4766331a4b09907438fa5556465ea2ba3a86e2057cba801ff00435d74731a90f8b511824e4fb76a4ad63650ce9bd3e46e8c3d0d519ece684f232bd8f6af528e634ea3b3d0110629fc4638e5bf950484e14827d7d3e951d7a09dcad10507819345432bee381d2a2a545144b62cb213c03c5474515c32936ee4301d6b4f55d512f74dd36c974bd3ad0d8c6e8d716f19596e4b36edd2924ee23a0c01c5665150e298ee145145500e2abe5860e092482b839038e7fcfa5368a2810714576df03fc289e33f897a5689710996d19fcdba5c903cb5e7071d89da3f1af64fda93e0c69da1e931f89bc2560b05bdb2edbb8224014a0fe3c018c8efeabcff0009cf9d5733a34abaa327ab368d194a3cc8f996a6826f2a29e3f2a27f3a309b9d72530cad953d8fcb8cfa123bd434577a6a5b18dac14b494b568669514f9571c8e86995ddb1e9d8d3f0c685aa78935bb7d1b46b53757d70488e30c067032793c0e297c4da06afe1bd5e6d275bb19acaf223f34720ea3d411c11ee2bddff00657f85be238fc47a6f8f3508e3b3d3514bdba487f793865c0600741ce79fe55f4d6a7a0687aa5f5bdeea5a4d9dddcdb8c452cb182c9f435f1b99f1553c0e27d95ae8da147995cfcdc747438752a719c118e29b5eaffb54eaf6da9fc5dbdb5b4b44b78f4d863b4c88f6f9840dc5bdf96c7e15e515f5184c47d628c6a5ad7326acec15d5781bc1775e2290dddd335ae95112659bbbe3aaa67f9f41efd293e1e78526f13ea989034761060cf20efe88bee7f4fcb3ebde239a0d3b4d8749b28d228c280113a2a0e83f1af8ee25e23fabbfab61dfbcf7f23e8326c9de2a6a753e139586daced14c16302c16e189441e9ee7b9f735660b77979c617fbd535adb0389241c7615740006000057e7f3a92a8f9a4eecfbb956a7423ece92b5889b65bdb92074fd4d45a6866123b1cee23fcfeb516a120690463a2f27eb56acd36db2e7ab726b3429c7969733dd9b1e1d72b78ebd990d3fc46c0dc449fdd5c9fc4fff005aa2d0413a8023b2927e950eaae65bf9893d1b68fc38ae2e4ff68b9c45df0dc6774d37b051fcff00c2b2fc512eeb9940e9b82fe55bf6fb6c348dcc3e6c6ec7ab1e83f95721aa484b28272c724d14173d57336c3c6f3380f164fe7eb7e493f25bc6063fda6e49fcb158ce31771f3d54d686b60af882f9586092a7f0da2b3ae86d55907f0367f0afd3701151c3c523f30ce6a4a78c9b97727a281820107ad15da79432689645c30e47461d45362918318a52370e847f10a96a3b952537afde5f98526224383c11c1ebef5143fbb91a12781ca9f6a91183a2b0e879a8ee7e52928e369e7e8698c968a28a0082e14a3f9f18e47de1ea2a752194303907141e841e86a1b5f955a32794623f0a0458a6d14500431802ee451d1806a958061820118c62a34f9ae646ec00507f9d4b426331b52b610bef5fba6a9d6e6a4bbad8e7b5624714f713a5b5ac324d34842aa46a59989ec00eb5efe0312dd2b4ba1326a2aec8657cf03a5475ed9e19fd9b7c71a869f69a86b525ae890dd91e5432e5ee19480776c1c01c818241cf6af4cbaf80ff000f3c17aaa41ad58ea1e218dd86566bc30e5422ee6531edfe32c0039e13df344eba6fb9c15730a54deacf91e8e6bebbd43e0ffc2f3e24b37b0d0673a45e289e38daee60e141656424b9e43237e18ae7fc73f00fc2765ae9b3b1bfbfb4b594a4b6f3ee12030be086da40248191d4722946aa6cc166d44f9928ed5eb1e32f807e38d02096e6d628757863944412d49333310c788f193f74f426bca64474768e452aea70548c107d2b4524ceea55e1555e2c6d14514cd82bd43f67ff00856bf13b54be866d4fec76f64a85c263cc72d9c6339c0f94f383f4af2fad9f08789f5cf09eaf1eaba0dfcb67728464a9f95c7a30e8457362a352749aa6eccba7652d4fbb7e167c1ff09fc3cbe3a8e931c925fb446269e47662ca7b1c9c63201e00e95df5ddb5bde5b3db5dc2b342e30c8dd0d709f00fc7b77f113c08bacea16715add452795288db21c8246467a74e9fcfad7a0804ff0009c7ad7e359a54c5c714d5477923e828a87269b1c578afc3ff000ff41f0f5e6aba9687a55bdbc31312ed1f4c0f439e95f9f1e209ac6e35ed42e34c84c1632dd4af6d111cc71172514fd06057d6dfb6fdbeaede0ad3eeed6e655d3d6e156ee15e8c0e704fb06dbc772c3d057c77f9d7e8dc31094b0ded252bb67938c6b9ec9052d2515f50711aa8fb782320f514ae831b97907f4a65391ca9fe75dfa5ac7aa99ecbf043e32f8ab46d7746f0e5edec775a3cb3476a1664f9a25242a80c31c671d73c57d29f157e2af867e1d9b24d584f757178c4a416bb4bac7fdf39c71fa9af82932583c4c55c1c8c1c107d41ab1ad6a9a9eb37bf6cd5afae2f6e7684f32672cd81d064d7cc661c3587c66215592d0d6355c558f46fda23c71e12f1eeb761ac787b4fbcb6bb10b25ebcea17cce46ce0139239e7dfbf6f35d2ac2e353d460b0b45df3cee1107f53ec3a9f61556bd63e06685849fc41709c9cc36d9f4fe26fe43f035ae6989a79365edc5eda237c0e1de2ab289de685a6597863c3a96908023857748f8c191fbb1f73fe02b99691efefa4b89b904e71fc8568f8b352f3a6fb1c2dfbb43f391ddbffad54ed1364238e4f26bf1d84a7564eb54f8a47e974a92c350496e4f8c5417532c29db71e829d73308a3c9e4f61eb598eccec598e49adae561f0fcef9a5b0e891a69429e72793ed5abec3802abd943e5a6f61f337e82adc31bcd2ac71a96663c52ba4aec8c5d5529596c8d6f0dc5c4d39f651fccff004aad6108bbd4d8e331872e7e99e2acde4ab6364b6313032b0f9c8ed9eb535baae9ba634aebfbc6e48f53d8579ae4eedf739d15bc43739956d90f09cb7d6b94b87f325661d33c7d2af6a33b6d20b66493249ef5c6f88b5928ed6566d871c4b20fe1f61efefdbebd3d6cbf053a8d4225d4c5d2c05175aafc8cdf19790baac33472ab395f2e503f879e33596ca194a9e41a1d43a1561907ad4513b46e2293fe02c7bd7e8185a3ec69a8367e579862d62ebcaaa56b8404a3181fa8e54fa8a9a9b347e628c1c32f2a7d29b0c9b8947e240391d8fbd749c08928a28a06456dc2327f71881f4a7ccbba261ea31f8d313e5b971fde00ff004a96801b036e89187391fad3a996dc45b7fba48fd69f48482a14e2e64c7700d4d51819b963fec0fe6698c9292470885dbb7ea696a263e64c07f0a1c9f76a403add364783f78f2d4fa299349b30aa3739e8298115d8f399600719e49f415ed9fb3ad9f83a2911a3945aea102f997b2cc419dd47510fae7a6074ea7819af17863080b31cb9e49f7ab363757563790de595ccb6b750389219a272af1b0390ca472083deb5a55a50d11cb8ac3bad0b5cfbce0d4b51b9f11c0b770c6ba9dd102cec80ff008f08719df27fb58e42faf271c0ae6bc737b1eb8b7b768bf2da5c18e224ff0008c0fd7393ef5e7bf037e27d9dce91ab47ab4cdff0964919586561f2dc4640cb03fdfc92cc3d1463a903b7b2d3ee65d052c608cbdd5ec836a9f562393f80cd77d049fbc7c666119d29723dc8ad72343b1ba97816d0ce533df73617ff001edf4ff15a4ba85c7866d2342677d2ade20075e5982f1f4c1fc6935d314f736fe1fd3650d6f6ca12498fdd3b725dcfa2fde63e99f6abfe17782e7c46daddcb1b7b4857c9b6661931aaa6c46c77da02e71df35a357d4e653d1a7d4de69237f105942b962dacc322f7ca812e4febfad791fc44f85fa0f8d7e1a1d6d2da2b4f105accb125ec4a4174cb7cb281c303b9003f786ce0e320fa0e8b731dd78b1e7b094dd5be9f6f3dcab94d9bd8a6c5da0f41b8a019efe99e13c0415fc3de23b773bedc35b3ab1e995909cfe3c7e559b6d3baf23bf0f5e545269f73e0cf11e8ba9787b589f4ad56d5edaea0386561dbb107b83eb59d5f617c5cf005bfc43f065eeab671471eaf6376c2d67c00d2462224427a70c4704f4273d09cfc7ceac8c5586083822bb232e63e93038b58985fa8940a28ab3d03ea2fd993e2af837c15f0bafacf5bd4162bd8ae1a55b7da77483a8c7af5edf8e2b96f10fed37e31b8f159d434982dedf4c4f963b4941cb0f5254f07db91eb9eb5e0d45790f25c34aacaac95db36faccd45451ef7f13bf6843e36f87771e1cb8f0ff00937770543cad20645008391c0c9e3d060e0e4e315e09de8ef4577617094f0d1e5a6ac889cdcddd852d2515d26669d14515dc7a802a412678619f7ef51d14c0992169a45487e77620051d493dabe82644f0df856d34cb6c2c8b108c11c738cbb7e2493f8d78d7c35b217fe36d32165caacbe69ff8002dfcc0af57f175c79ba9f940fcb1285fc4f27f9fe95f98f1b627dad7850e8b53ecf85f0aa6dd468c750cee173924e2b59d9238cb3700567c71f973c3e6704e1b1e83b7f8fe34b7b3798fb57ee0fd4fad7c75cfb1ad49d49a4b6229a569642cdf80f415358c3bdbcd61951d07ad32da033be0fdd1d4d6ac10b48cb144993d00146888c4d654e3c9108e2796458e31b98f415a4648b4c8b647b5ee987ccdd92a233a594661b660d2b0c3ca3b7b0a7697a79b92269bfd5673cff11ae5ab3d2f2d8f2c9348b369641773e768395cff0011f5aadafea0af2615bf771f0bfed1abdaeea51db42608dc06c61b1d87a7d6b90b899a6937374ec3d2a2841ce5cf23ab0f41cdddec667893517b3b096e01ccce42443dcf4fcbafe15c42820724b13d49ea4fa9addf1bb49f6db281810a22328cf7c9da3f91ac2afd0326c3a851e7eacf81e28c6bab89f649e910a96d2cae351bb86c6d607b8b89dc245120cb3b138000f5e6a32715f487ecc1e005b3d397c6baadbffa55d291a723af31c47832f3d0b76ff679e7771ea56aaa946e7cee1e8bab2b1e6fe27f821e3ad0b4d86f21b74d650c61a68ecf2f2c0ddc6deae3dd73f4af37beb496099a0ba865b7b88faac8a55d0fb83cd7e82557bfb1b2bf87cabeb3b7ba8ffbb3c41c7e44579f1c7b5ba3d29e5b17f0b3f3f9242adb25e18f43d9aa4afb96ebc0fe0dbab67b69bc2ba2989d4a90b651a9c7b10320fb8af16f1efecf5711c925e782efd64889ddf60bc7c32fb249dfd006c7bb1ae9a78e849d99cb5301382bad4f00938991cf4ced3f8d3ebabd47e18f8f6da67b59bc29aa330e37430f9ab9f665c83f9d636bda0eb7e1ebb165aee99736172503059971b81ee0f423e9d0f1d4574aab17b3391d19c7a19518daeebef91f8d3e90fcac1bb7434b5a5c8b05313995dbe83fcfe7521200249e29a9f2a64e06793eded49d84b51246da38fbc7851ef446bb06debea7d6a4b4b69eeae963b78649a673b523452cc7f01debd93e197c0ad5f58923d43c5625d26c010c2d8605c4c3d083feac7d79f61d6b3a95a30576cda9d09d47648f37f04783f5ff0019eaa34fd0acfcd2b833dc39db0c0a7bbb76f6039383815ea9e38fd9fa4d27c329a8787af2e753d46de2dd790c8bcce7b9880e98ec9c92075278afa0fc3ba2695e1fd2a2d2f46b286ced22fbb1c63a9eec4f56278c93926b47ad7993c6c9caeb63d5a7808a8da5b9f9f278247714b5ee7fb4dfc3a8f4e98f8d744b7096d3c98d4e241809231c0980f46270dfed1079c9af0b15e951aaaa46e8f2abd274e5663ede79ed2e62bab594c5710b878dc7f0b0e95f5c7863c6f06bde07d36f34842fabea9179732460936ad928c8bdcb31071fec91eb5f22d7b3fecd3a9dc0b3d6f42b18952ede549bed24fcd1c4ebb5c2ff007725464f5c1c0ea73df87934f94f9ece6841d2f68f747acc1666246d1ad5d5ee24c1d42e570420073e529efc8c93dc818e17253c477b1db5b2e9567f28000931d87a7d7d6ac5fdc5be85602d2d466e1c6727f22c7fa0aabe0af0e4fe24d548919a3b284f997939fe15ea403d3279fe7dabd26d538ea7c74632ad3b2d8bfa0ac9a7783ee5a151f6ed6dfecf0e46364087f78ff424e3f0abee21d2fc07ac5bc2d87610464f7259c924fd429a7f896fec6d2e1eea288246a820b58471b635e8a3d3d49f535cfea77138f07db99ffd66a37af3920ffcb38d422fe1b99ff2acb97ddbbea74a95e765b22e077d3fe19460f0d7d7b2321ff642aaff008d7c85f1c3421a3f8ce4b88536db6a0bf684c0e0313871f9f3ff000215f6278bec661e1ed1ed22ddbacad54cd1e390ce379fcb22bc47f693d1f7fc27d235716a0c91eb12a79d8e56331a71f42c07fdf35a52763d0caeb72623956c7cdb45145749f5e145145030a28a2800a5a4a5a680d2a28a2bb4f4c92e0422522dd9de3ec5d4293f8027f9d47451401ddfc1431c7e27bbb9931b60b177ff00c7907f5aedb4f81b53d49a4989099324cde83ad79dfc3890c777788a7992100fb80c0e3e99c7e55e996128b6f0f5e4838799c440fe193fa135f90f165febed9fa3f0e439707ccb76665dcbe7dd492e36866c81e83b0a6c31195f6afe27d29a8acee154649ad8d3ad0bbac110cb1ea7fad7cf6896a7bf5eb2a51b2dc5b4b72d88a2000c6493d00f5353bccb14660b62769fbf2777ff00014ebb95101b5b73f203f3b1eae7fc2ac693a719c89a61888741fdeffeb5633a892e691e3b6e4eec4d2f4ff3c8966e21ebfef7ff005aa6d57578e08cc36c400060b0fe42a2d77515506088ed8870e47f17b0ae62e25699f92703a0ec2b2853755f3cce9c3e1dd4777b05c4cf33ee73f856be81a235d15b9b905201c85eeffe0293c33a50bb90dcdc2fee50f4fef1ff000ae8b5abd5b0d3d9d480e46d8c0f5ffeb5156bb5254e1b9d55aaa8af6703c73e235d2dcf8def56323cab748e1403a00076fc735835635862fafdfb1c93e601927d0556afd332f8f2e1e2bc8fc77346de2a77ee6af8434693c45e2cd2b418f77fa75d244e57aac79cbb7e0a18fe15f75da410da5ac36b6d12c50431ac71c6a301140c003d80af95ff00655d2d2f7e27cb7cea0ae9ba7c92292338772107d3e52f5f5757263a779f29d99753b439828a28ae03d20a28a2800aa5ab697a66af6a6d354b0b5be8339f2ee2257507d704707deaef5a2a93689714f738b83e15fc3d86ebed09e15b1df9ce1b732ffdf2491fa571be3ff80ba2eb378f7fe1ebc1a34ce72f6fe5ef80ff00ba01053e9c8f615ecd47e15a471134f732961e9cb74788f87ff676d021b565d7756bdbc9db1836f889508eb8ceecfe35d97863e11780f4190cd0e8c97b31e8f7dfbfc67d148dbfa66bbca3f1a72c45496ec51c2d38ec8a1a668ba3e9673a6e93616471b736f6c91f1dc7ca055fa314119ac6526f766ca2a3b20a28a291451f106976bade877ba45eaeeb6bd81e09077c30c647b8eb5f06df59dc69da85d69b76bb6e6d2778261e8e8c54fea2bf403bd7c6ff00b43e9a34bf8bfac08d76c578b15da8f764018fe2cac7f1af47013b3713cbcca178a91c0815e85fb3eeadfd95e3bbbc0dc6e34d92341db7874209fc03579ed779fb3dd8ff00697c5dd32cfca595648672e1e5f2d76ac65b2cdd4018c9c72470319c8f6a8be59dcf99cc29f3d0944f7ad1748bfd7efbcc25b633ed926db925bfbaa3f89b1d076ea481cd777af6a963e18d01742b3daab9fdeaa364b37f74b639ff0069bd78e00c554d6f5fb0f0f5b9b2d3592e2f7cbf2fcd55dab129fe18d7f857d4f53d7deb8d9d9a1996ff00545135c3e1a2b67c81b7a82e0745e985ea473c0c67d2b39eacf8a6d535cb11b2da6b1abcf05c9b3b964b99961864f2c88cb1380a1ba56f5f59dadef8d22d2f3ff12bd16dc473c80758e2e6427dd9cb0fc4574fa2eada8e95e04bbf116b170f34f2385b185c008ae0155da83e5006589c0ed8eab5c94b637567a40d2638d8ea77e567bf773fea62ea9193ea7ef91d7eed66a729cac6f2a50a34d3ee644badea773abdcde42ec24bb98b98c7cc324f0003e9c0fc2b9efdaca6583e1641a65edcbb5ec4202f0a8f9524662ed9f7dac07e15e8fe14d1228af90313e5c43cdb87dbba49147f022f6c9217d4e7e95e35fb5f6af66be17834e7902eaba8ea5f689628d8308d115b2aedddb2e9851c2e3939e06eadcc91596c1ceaa97767cbb45145751f6ab60a28a28185145140054c8aaabe649f80f5ff00eb5351401bdfa761eb4ec33b6e6fc055462db04ac5da28a2bb0f4c2acea37b77a8df4d7d7f732dd5ccec5e59a562ceec7b927a9aad4516ea2bdce9be1eb81ab4aa7bc071f9ad7a049331b48edc13b5599cfd4e07f202bcc3c2138b7d7ed9db386629ff007d0207ea457a5a29760a3b9c57e5bc5f45c316a5dd1fa3f0b5552c234fa17ac62d89e61fbcddfdab6ec40834eb8bbe8cdfbb43fe7fcf159a3a5695f0d9a759db2fde7f988f73ff00ebaf8daef6475d59b9c9b63748b0fb549e6483f74a79ff0068fa56b6ab76b67664821588c28f4f7fc2a68d12d2cc0ed1a64fbf735c7eb9772dcc80b9fbddbd07a570c13c454bbd9052873cac50b999a66cff00083c54ba559497f78b020c0eaede83d6aad5ed3b539f4f8a45b7440d2632e4648af4a57e5b44f6dc3961689d85c5c59e9564aacc111061107535c8df5d4faadeef7c04fe15eca2a026eaf65324b2339cf2cd57228d625dabf89f5aca861d537ccf73cea8e3462fab3cbf5e40be23d45002b897fa554ad2f1746f0f8bb5047520b796e38ec501acdafd2b0724e845aec7e438fbfd6677ee7d0dfb1dd8ff00a3789b54619324d05ba9f4d8acc7f3de3f2afa03bd78f7ec936ab07c32b9b8c0dd73aa4cf9ef80a8a07fe3a7f3af61af2b132bd467af848da920a28a2b9ce90a28a2800a28a2800a28a2800a28a2800a28a2800a28a2800af99bf6bfb11178bf41d4c0ff008f9b192dc9f5f2df77fed5afa66bc17f6c6b50da1f872f8e330de4b08ff81a03ff00b2575611daa238f1b1bd267ce7dabb0f82a6e97e26e9df63204a619c64b0000f2ce492781c7735c7d773f0174f6d47e25448a88fe4d9cb2fcec401d17b0f7f6fad7d0d15efa3e4b1ced4247bdc4f0da485ad71a85f72c67652638bd5867ef11fde6c01e8783573c35a249aaea22e6f0cb344d2ed1b58efba94f3b149fcd9ba28c9f4ad687c3b690240daddeb2c52106dec2dd30f39e830a32483fde3cfa66bb0ba92c341812368619354921d9159c7c2db447b311ca83d4f763c0ee6bd09d4e88f8ea34bed4b62aeab1096e2d2eaf562fecfd3fe4b0b5030b7128183211ff3cd700283d401ebce1df4c6346b991c44b3c8dfbd64dcd239ea11472ed9fa007a9153ebfaa45a6a1bed5b1757f3a66dedba2edeccc07dd8c765ea7f32706e2f2e74b6fed6d51cc9aeca98b481978b34c70e57a03fdd4edd48e94a1eead02afef6577b13f8af563a4c3fd8da5c92c3712a03a94be6ee919bb4648e06d04e42e064e39c127e3cf8dfaf2eb1e3496de17dd6d60bf674c1e0b67e73f9f1ff000115eebf18f594f05f82e4bcbfb968f5cd494ae9d681879d86ce677079541ce38cb3600e3247ca0cc5d89624927249ea6ba6945247b79561a57f692565d04a28a2b73de0a28a5504d095c3713bd4d14781b9fa1e83d7ff00ad4f8e2118dcfcb765ff001a563939ade9d06f565a5dc43f31cb73452e292baa314b6065aa28a2a0f4428048079eb4a0648031d7b9c525003e291a2955d09054820fa1af5ed0674be861ba4c6d640e40e80fa7e073f9578f577df0bb55199b4b94f38df0e4fe63fafe75f23c578075e87b58ef13e8720c77b0a8e9bda477a17732a8ea4e056bdd90dae4116788f68feb59d6237dec0b8cfcebfcea4b8b8dbabbce390b2fe80e2bf26ac9ca56f23eb0e95943a1461904608ae5b57d2da363b94b440e55c76fad7528caea190e548c834a4023079af2a8d795191a45b8bba383fb147fdf6a963b58579db93ef5d64da759ca49308527ba9c543fd8f69bb3ba5fa6e1fe15e8471f4dee53af51e9739fce3802b534bd35a5659a75c46390a7ab7ff5ab520b2b3b7f99625c8eec738fceaadf6ad0c40a41891fd7f847f8d4cb133abeed3465f11e5ff17edc41e328a551817166ac78c72188fe4057255d57c4e97ed1756174cdbdc33a3b7ae40c7f235ca93804d7e8f93c9bc2453e87e719cd174b17256dcfaf7f66787c9f833a331ce667b890e7de7900fd00af49e2b96f84da35cf87be1c687a45e27977305a832a673b1d8972bf816c7e15b3e21d674cf0fe9136ababde45696908cb48e7a9ec00eec7b01c9ae4abef4dd8f428b50a4ae5fef4b5f31f8dbf682d7af6e6487c296b0e9966bf767b88c493b0f520e517e986fad72d1fc6af893b47fc54ab27b9b2b7e7f28eb68e12724612c6c22ed63ec5a4af96345fda07c6768bb350b6d33521ddde231bfe6840fd2bd23c29f1fbc2ba9bac1acdadd68d29e8edfbe87fefa5191ff7cfe3532c25488e18da72d0f60a2abd85e5adf5a457965730dcdb4a331cb1386461ec475ab15ccd3475a69aba0a29296800a4a2a0d42f6d34fb29af6fae22b6b6854bcb2c8db5540ee49a718bd909b495d963eb50dedd5ad95bbdc5edcc36d04632d24ae1117ea4f02bc03e21fed032f9b259782ed5020257edf72992dee887a7d5bd7a0af14d6f5cf10789f5049354d46f753ba9182468cc5c924f0aaa3a73d80aeba783935796870d4c7462ed1d4fae351f8b5f0eac2e0dbdc78a2d59c75f2239265ffbea3523f5ab7e1df891e07f10dd8b3d2fc456b25c310a914a1a16727b28902ee3f4cd783f83be00f89f57b54bbd6efa0d0e3719585a3334ff00f025042ae7fde247703a574779fb37218bfd0bc5afe685e93590dacdf50ff28fc0d54a9515a5c235abcb5e53e82af1dfdade132fc31b4906efdcead0bf1ee922f3ff007d556f07ea7e3bf869343a478da07d4fc37911c7aac0c6516838c1727e611e481f3018ed90315d37ed0ba3dc6bff00097535b0513496fe5de22a9fbcb1b066c7afcbb88f5aca9af67513b9ad597b4a4f4d4f8fc1cd7b2fec9ba5cf3f88fc45ae24560a963691406eef9c7956e6562c084fe37fdd9c0e99ebdabc6148c71c83d2bd07e08f88b42b196f74ad4b5186c26b99fcc335c3aa44100007cc48e724f1f8f4ce3e8a841ce5a1f1f9839468be5573e948b59f2b51957c3ef35fea52e44dac5dafce074fdda1fb831eb93db8e2b52dadbfb26cd2e9a09752d4aed89b5b7605dee5fbc9277d83f5fa64d735e1df1cfc25d16366d47c67a4b88d8030c53091a5638e495c8dbcf63ebf434bc67fb40fc29b48ae264d4ee3589e5f95ed34f8245dea3f85e670b94ff65703be39cd76b4d3e58a3e669612b54f7a4be46e5a5addb6a72dc40135bd798f992ce70d6d647fbccc7e56718e3f84638dd8ae3fe23fc41f0b7c3259649aea3f11f8be4cb2c7bb7470b919ded9f7e72dc9e303f8878dfc43fda27c59afdb3e95e1db5b7f0ce97c858ed79908c63ef60609f50323fbd5e313cb2cf3bcf348f24b23167776dccc4f2493dcd74428bfb47a787cb1b7799a5e2ff11eb1e2cf105ceb9aede3dddedc3659d8f0a3b281d80f4ac8a5029c2363daba634dec91ee462a2ac86500126a6112f7a992318cf007ad6f1a0dee5a8b6429096201efdaa70162e1705bd7d286618c2703d7b9a8eba234d44b564293939a4a28ad04145145005aa28a2b23d00a28a28027bdb79edee4c5736cf6cf80fe5ba9042b00ca79e7054820f7041a5b1ba9acaf22bab77db244db94d40cd939639a4acea535520e12ea3849c249a3de3c19a841abc316a10fdd442d22f7460395fce9cedb9893dce6bca3c11e26b8f0edecab8f32cee97cb9d3b8ff00687b8e7ebf963d4ade686e2049e07124520dcac3a115f90e7593cf0388724bdd7b1f739763a389a693dd1a5a7ea52da8d840922cfdd3dbe95a69ac5a15cb8910fa115cf9a315f3753094e6ee7a8740dac5a01951237b05c5579b5b720ac3085f42c7358dcd473dc470e72727d054c3054d30e56f63d9fe1e7852d350f0eaea1ae422ea4bb3bd11c7089db007af5cd5cd5be17f86ef61290a4f68c7f8a390fe58391fa5759a2c31d9e89670a28448a045c0ec02d63cdaecf12cb76cd025aa3107790b800e3249e3afd2be92961694209247ce4f155554724cf02f8ddf0cf50f0ff85a7d5a2b85bab2b59a376206d64dcc14123bfde03f1e95c9fc0bf0f8f11fc4ed2ad658cbdb5ab1bdb8e32364782011dc1728a7fdeaf78f8abe30f0a6b3f0c7c43a6c9e20d245c4b63218a2fb5a1679179550b9ce4b2818c75af24fd993c4be16f0eeb1ad6abe20d62dec24fb2471402556cb82c59f181ce36271ef5ed6117b2a0d23c4c7d5788c4a9cd9f58d790eb9e11d4fe2a7891750d66ea6b0f08d9b11a7db46712de76331cfdd0dd89e76e300649adf4f8c9f0ca425478aedba7f141281faad49ff000b83e1b7fd0d967ff7c49ffc4d73c79a2ee6b270968d9bfe1bf09f86fc3902c3a2e8b65678182e9103237d5cfccdd4f535735bd1748d6ed4db6afa5d9dfc473f25c42ae07b8c8e0fb8ae3d7e33fc3276da3c576e0fbc12a8fcca7b56b69bf11bc07a847badbc5fa29efb64bb48dbf2620f6a1ba97b8d7b2b58f30f885fb3eda4fbaf7c1574b692672d6174e5a23fee3f2cbf439073d45789ebbe07f186853347aa786f518769c6f584c919fa3a654fe75f6de9f7f63a84027b0bcb7ba88f478655753f883ed56ab7862e71d1ea7354c1539bba3c4bf655d17c4da5e93aa4faac37769a6dc321b5b7b842a59f9dd22a9e4020a8ce39fc2bdb68a2b9aa4f9ddceba34fd9c79428a28accd44af38fda23c37aef897c04b6ba02bcf34172b34b6cac019d0061819ea4120e3be38e702bd228ab849c5dd11522a71e567c67e1bf84de3dd72ec429a05c58459c3cf7e0c089ef823737fc041afa27e15fc2ad0fc0c9f6b2c751d61861af244c08c7758d79d83d4e493eb8e2bd0ea3b89e0b789a6b89638a35e4bbb0503f135d153153a8ac72d2c253a4ee3e8ac997c4de1a88912788349423a86bc8c63f5a853c65e10760a9e29d0d98f000d42224ff00e3d5cfcacebe789b6ca190ab00ca41041e845456f6b6d05aada430c71dba2ec58957e455fee81d00ed8e80715413c4be1d7195d7f4a619dbc5e4679f4eb57adafacae9f65bde5bccdb776d8e40c71ebc1e942b93cd167c43f11f401e15f1ceb1a1a8221b6b8260ff00ae4e03c7ff008eb01f5adef86bf0135cf195941ae6a5791e97a6dc00f1606f9654f503a283d89c9f6adffdae6d960f1fdadca20027d290b103ef32c922ff002db5f42689710683e14d2b4b51b8d9d9c36fc6719540b81dcf4af5658e9d0a69c77679743091a955a670ba07eceff0e34e897ed76575aa4839f32e6e581ffbe536afe95cc7ed15f07fc3567f0fa6d73c33a441a7dd698c249442302588f0dbb9edc1cf5e0fad7b27f6cdeac892c891ac458064c7cdcf19fceadf8beca0d53c21ab594e82486e6c65465f5050d73e1730ab2ac9b677d5c1538c1a48fce7f287ad3846a29dda8afd1e9d38b8a67cdca293b00c76a5eb4a8a58ff008d38b2a0c21e7d7fc2b5b25b02428555e5faff0077fc698ec5bfc05275a4a2f60bf60a2b67c33e18d6fc45a9d9d8699a7dc4ad77288a393cb6f2c1cf24b63181ce7e956be23784753f02f8baefc37aab4525c5b84612c59d92232860cb903d71f504573ac5d1f69ecf9b51f23b5ce7281cd2819fa7ad3b3e95d171074f426994514c0b395fef0a5aab4bb8fad4f29baafdd1669f214ddfbb0c0607de39e71cfeb9aacb21efcd48ac1ba54b46b1a8a43a8ab88ba71d2642cf75fda22e1046a117c9f276b6e24e73bb76cc0c631bb9e954ea53b9a0a6ba2f0a788aeb446549774b65213ba3cf2bfed2ff008573f044d34ab1a0f998e055cd7a316fa9cb663fe5d8f927fde5e1bf5cd706328d2c5fee26ae7561ea4e87ef227ac5beaf0ddc0b359b2c913746ff00eb763ed4e3772ffb3f95792695aa5de9b379b6d2601c6e53cab7d45769a4789ec6f1552e185acbfed1f909f63dbf1fd6bf39cd786ebe164e54d5e27dd6559ce16bc542ae923a47b89981cbe07b0c543ef9cd00ee19078ed8a5af9a7194256923e96d0707c87d5f79308341798f45833fa57c6ffb423de2fc4092de6b891e1169034485c9550506703a0cb6e35f586897cbe28f002cb6840966b73195cf0ae0608fcc62bc03f69cd1daf2cb4bf13db46d9b706c6f14afcd1725933f8971f88f5afa3c2cd5d1f9a63e9c9292ea99e7df07fc130f8d7c412da5e5f359d9db45e6cce8b976e400abd8139ea7d0d7bd687f04fe1e1c996d6f6ef6632b2dd9191efb36d785fc11d6ff00b23c6421660b1dec461271fc5d47f2c7e35f41e99af1b6bd493712a0e187aaf7af2f39ad8a855b539591c78354daf796a5e5f83df0d94003c2f19038e6ea73ff00b3d38fc21f86ddfc310e3febe66ffe2ebb05955943290430c820f515cf78c3529564b3d2ad32d7376f80a0f2464607e27f957cf2c4631bf8d9e938514afca60ddfc2af85657c95f0ea97c10045773e41ff00bef1f9e6b9fbbf839f0f65663145a85b83d025d671f9835e8fe26863f0d784894f9a795d62925ee739271e838c62b93d13c53636715d2ddd98ba322011938f94f3ebeb91f956f1c46323f6d9ced527d0e32ebe086829297d2bc45a959fa6e55720fd46dab967e10f8b1a44bff14f7c496b9118fdd437d23fccbd80570ebfafe35a9fdb43fbc7f3aef3c02d0ebfa0dc5bdca96104b846e8c9919e0fd726baa199e362f57721d3a5d0f3e5f1efc69f0b44a7c4be0db7d6ad532cf3da0c395f52632cabf8a0ad8f0d7ed0fe0cbf9120d66daff449c9218cb1f9b129edf327cdff008e8aec6ddb5cb0bf7b1ba805dc0a46c9d5c062a7a1209e7bfe47ad7927ed47e19d364f0fc7e25b6b58e2bf866549a48c01e6a1e3e6f520edc1f4cd7a782ccfdb5454eac6cd91529ca11e68bd0f6ed37c6be10d4add6e2c7c4da44d1b296ff8fb40401d7209c8fc6aa6bff11bc0ba1c45f52f1469884646c8a6133f1feca65bf4af8328af7beaeb7393ebb2dac7d59ab7ed19a33dcada785fc37aa6b170f9540ffbadc7b6000cc7f2154478abe3ef8882be9be1db2d0600705a68d55fea44cc491f45aeabe0af86f4af0f780b4a96cede21777d691dc5cdc6c1be42ea1b04ff0074670074e33d49aed2e5ee5d4476611a77385de4ed5f5271e95f3b8acddd39b8528fde7753a2e51e69b3c62efe1ffc54d4863c4bf139ede0946644b69a56cfa8d8a114ff002aa83e06e933cdbf54f196a7798e4e2dc2b13f5666af69f10c29a27872eafcb34d761554ccfd41660323fbbd78c5711a6f88b4d8aceed2f2092599d310329e14f3d79fa7ad79d3cd31b27a3b7c83d9d239fb7f81df0fd42096ff005e91b1f31f3a200fbe02569c5f00fe1fc8c258e6d59d08fba2e5707ff1ccd3175d20821c820e41cf4af4a820b8bcd12db57d3b6add490ac8f111849b8e463b1eb83584b1b8e7f6d9a46145743ce1ff0067ef0233645c6b28339c0b84c7fe8159579fb397879989b3f10ea50ff74c91a391cfb6daf59d2355835281a48f292c6db2689b868dbb8349afde7d9348b89f382171f9903fad286658e8bb731aba145ad8f937e2df80353f05cb6f34babff6ad8cced1c538dc0a118382a49c67d891c5753f00bc75e24d47c776fa46b1aa4da85b4d049b4dc9ded1b2aeedc18f3db1563f683d604de19b1b1dca5a4ba0f83d70aac38ffbeab97fd9cede29be23c524acbfbab7628a467731655c7e449fc2bebf095275b0bcd5773ca4943116833ea5d414bd85c283cf96d8f638e2b716513f861a603efdab11ff007c9ac0bd961b4b63b5305fe58e341cb31ec0537c6dacc1e09f855797da894692deccc69196c079586d54c8f738cd3c1c5cab4523d4c43b533e09a902851973ff0001a0b051f2727d698493d6bf58a4ad048f9095b998e67278e83b0a6514559214514ea181f55fec73e2b161e06d6a0d775bb1b4d26c2e57ecc279423445c167eff749c1fae6ad7ed99e25d2ed3c33a5e99168ba66a171ac46ef16a5222bc96f1a3213e59c6413bb19cf4c8c735f25138fbbc54d737b79730c10dcdd4f3456e9b2149242cb1afa283d07b0af9c790c5e3beb7cdf23a7eb1fbbe4212d9a6d1457d1a4730a0120903803278e9494f8e49115d11d956450ae01c6e190707d46403f50299496e2414514531852838a4a280278e4dc707ad3eaad4f0b6ee3bd6536a2ae74d19b93e5675ff0d2c95f589b549903c1a5dbcb7ae1870de52160a7fde6dabff02ae5647691d9dd8b331c924f24d7a668f69fd95f053c4baa91896f66b7d36261db2e25907e21545798d78995d6fac54a957cec7ad8b8fb38c6014d90e1734ea8e63c015edd93d19e6ce5caae8b5a7eb3a8581ff45ba9117fbb9cafe478aed7c17acebde25d6a0d1b4ed185f5dcc7e5111dbb47766272001dcf02b9af01f8435cf1aeb91e93a25a995ce0cb2b644702ff0079dbb0fd4f419afa9f4cb2f077c0cf07019fb66ab76bf330004f7920ec3fb91827e83dd8f3f13c475b034d3a71827519ebe5388c6a7eecda4755e14b3d33c05a5d969d7ba94426be9f61def8f365207083d0600ffeb915a5e2ff000d43a9c134d15bc33199365c5bc8bb92e13d08f5f435f22f8f7c69a9eb9ac3eb5ab5c96b8ce208e32556100e42a0ec07af5cf3d6be86fd9ebe28c1e33d0d74bd4e548f5bb340255271e72740ea3f2cfa13e8457cfe0f2eaea8f3b5a1e8e32bc54ecdde4f73e5df1658c5a778c3538b4a47b58acefe448626625a3d8d8c64f5c107afa57a8e89ad4b7da45b5f488d1f9a98208e370386c7e35e5da9de1d4355bed40f5bbba9673cff0079cb7f5ad4f0d6ba74d8dec6e84b2d84afbc8423742f8c6f5cf1d3195e37003904023d0c565f1ad4d7747cb2c4f2547d8faafc0da81d47c2f673e7732a98dbeabc7f203f3a6f8274ebbd47e22eb1ab6a10ec8f4f4482d109073b81f9863db27fe05ed5ccfc02b9fb7687a9436b730dec504cb2868892543a91f3290197943d460f3824735dddc584eb75f6fd32f5ec2fb68432050e92a8e8b221e1c0c9f4619382326be5a583f6551a923da551d5a69c4d8f1b68326bde1abbd3a375499d7742e7a071c8cfb1e9f8d7cc5ab4d7fa55f4963a8c125b5cc4db5e371820f15f48db78b755b26f2f5bf0e4d70a38fb5694e255fab44e55d7e8bbea2d5f5df867af2aa6bc215655c0fed2b096ddd3be37488a47e07078f515bac2c5ec71ca738e8d1f39596a725d28b1b6b33717734abe5b26e693b8da14707248ed9e057d21f0cbc3775a0785e282f702f276f3a751cec240c2e7d87ea4d3343d47e16e88fbb427d37cdfba1ac6d9e790671f2828acde9c56c378aada71ff0012fd2f509c11c493c46dd07d449871f821a6f09144c67396c4bad5b6eb5f3bf8a33c1f635e19fb51dd2c1f0e2280baabdc5ec6817232c00663fa815ec97b79757c36cdb123ce44499c77c64ff17e83dabe69f8f17575e36f89ba7782f463e70b20cb26d0085908dd237fc051791ec475a30b868fb7525d0eb7292a7caf766b7eccbf0ab49d634697c59e28d392f61999a2b0b6986632a386908fe2e72a01e9b49ee08cbfda5be155a7868c7e2af0d5a0834a95847776d183b6de43d1d7d118f18e80e3fbc00fa63c2b6d6b67e1ad32d2c63115ac3691244b9e8a100152ebfa5596b9a2de68fa8c225b4bb85a2954fa1ee3d08ea0f62057aded9b95fa0beac942dd4f2ff809ad2eb3f0c34b6326f9ac94d9cbc63694e147fdf053f3af52d0add0c2d3f57276fd07f9fe95f337c2ab8bbf863f15750f026bae56d2fa40b6d3b0c2b3ff00cb271ece0ed3ef807a1afa22232c44989d909e0ed38cd78d89c228d672e8cd29c9ce9f2f5469f88b478f59d12ef4c958a2dc46543819dadd4363be0807f0af9a3c5361ae786b506b3d5ed2581836124c7eee51eaadd0ff0031df06be876bfd75037917969203d7ed36db8fd01465c7e47fa55697c41e2c40e87c3fa1de26dc1ff898cb0e7d723c971fad25420ce771a8ba1e1de09d1f5bf175e456ba7dab2db2b9f3af0a1d918e3393d091d97aff003afa4b4fd3e2b1b182ce00de5411ac699e4e146066b9893c47e38986d83c39a0591e9ba6d4e49bf1dab0aff3155668fc5fa8ff00c853c4eb6919fbd0e936821fc3cc90bb7e5b4d0e841046351943e205849a778c34bd4344b8812faf64f2aeed1dbfd62004990a8e70318271d76fbd41f132e85b785266c905e58d463fde07fa56e68ba0d969ecff0061b567b89b996676692694fab3b659bf135c9fed077b1f873c0f6f75770a4f3cd7e91c36f9046ed8ec19ff00d91b791dfa719cd4d3c17b6aa924744a4e9527767cd9f13aeee753f121b565648ecd045f30c7ce796e3afa0fc2a5f84978da678d748b889598bcea8e075209e4561dd4f2dc4f25cdc48d24d2b9791d8e4b313924fbe4d5ef0a482dfc4fa5cc0e36de44c7fefb19afaf8e1a34e8f223c385693aaa47daba068f224a353d4f6b5d11fbb8ff008611edefef5f32fed5fe3d5d7fc491f85f4e9b7d8696e5a723a49718c11d7f841c7d491dabd73f68af8a107837417d234b9d5b5cbe42b16d20f90bd0c8dfae3d48ee01af8d6591e591a491d9dd896666392c49e4935e8643967bdeda6bd0efcc31778f2219451457d99e3052e3d78a4a5cd003b8a6514500145153450a496d34c6e228da3dbb636cee93271f2e0638ea7247e349e8221a28a0924f34c614514500145145001455b8e0b66d36e2e1ef963b98e58d62b631b132a307dce187036955183c9dfc743552a54ae2b055bd222f3afe243d3393f41cd54ad7f0ca0376ce7f853fa8ae0cd2aba5859b5d8edcbe9fb4c4451eb9f122dce9ff00b3af85e1036b5eeaaf7527b90b228ffc7715e2d5f497c4bf0eea1e21fd9e7c312e8d6735e4d606395e2850bb9428cac401c9c3107e99f4af26f0bfc26f1f7882754b7f0fdcd9c47ef4f7c860451ebf30c9ff0080835f33c3f9961a8e15ba9249dd9ece614672ada2386af4af853f0735ff001bcd15fde07d2f42cee6ba917e7987a44a7aff00bc7e51ef8c57b0780be06785fc2b0ff6c78c2f6df539e11e6379c447670e3b90df7beadc7b566fc4ef8d3e6c4fa37811f6c78d92ea6530140e36c2a47fe3c460761d0d73e3f892789fdd60d7cc5472ebeb33a1f12f8abc21f08b411e19f0ad8dbcfaa6d045b2b67048ff005b70e39f7c753c0181c8f9dbc5de25bed4b529b55d66edef2fe7ea4f000eca074551d80ffebd646a7aaac4d26c91a7b9918b4b2bb162cc7a924f535812c8f2397918b31e4934f2ac865565ed2b75efbb34c4e3e1858f253dff0021d77712dcca64958927f4a9f44d4eff0046d520d474cba92daea16ca48870467820fa823823b8aa54e8c6645fad7da4e8c29d1714b43e6a5567397337a9d041c411ff00ba29f489c46a3b6296be525b907b37ec95a80b7f1edfd8962bf6ab0253d4b23a91fa16fcabe9f60927fad8e390fab0e7f31cd7c6ff00b3fea034ff008b7a2bb1c473bbdbb738077a328ffc7b6d7d93dabc4c6c1739eee5ef9a9d885ed2d9ba7991fe4c2a33607f8248dbf1c7f3c55aa2b83911dbca5436138e7ca623d40c8fcc547f67ff0066aff7c83823d29fe7cdff003d5ffefaa3d9a60935b1522b10a775c2ed00709ddbfc3fce2b9cd03c19e0af085dcfa969fa6db595d5c0225b99e669247c9e46e9189e4f5c75e2b67c4179716b6f0a5b1513dd4eb046efc84273f311df8078a9f48d12da294ceecd3dcf1ba798ee73f4fee8f6142d34895c897bd220d1a48e2b0b7b589269045184dc62655207b9001ad2abeb0c118e40fab555b93197fdd81ef815495b70e7bb399f17782bc2fe2cf25bc41a3c17af00c45212c9220f40c84301ed9ad85d3a211471daee01142ed772ec70319dc492c7ea49fad59aaa2f631a8fd864052465df193d241df07d4771ef44acd598b93aa23368eafb0a9dde8473520d3e6c731edff7be5fe7571649546d591c0f40c69a7ae6a3d9c507bc561a7aa9f9e741ec83273fcbf5a916dad53fe59990ff00b4703f21fe352f347e154a115d02ddc01c29550114f5551807f2af9ebf6c4d406ef0de948f9e6e2e645cf4c04553fabd7d0bd2be44fda67561aa7c5abbb7421934cb58ad010782d83237e39931f8576e0a37a871e3a4a348f3375dc8ca3b8a75a4ef1bc370870e8438f620d254507caf247fdd6c8fa1e6bdc8d9c95cf053d4a7acdfdfeb3a9cda8ea97525d5d4c72eee79e38007a003803b0aa7e5a8ed4f6fbc47bd257d6d14a30491d8a29eac8da3c8eb513020e2acd232861cd6a999ce8ae856a295860d255277399ab0514514c45fd0748d4f5dd561d2f47b296f6f66cf970c4b966c024fe4013542a48659617df0c8f1be08dcac41c10411c7a8247e34ca85cdcde43164db91b0b1181c918e71cfeb4da28ab420a294027a53f00753f80a57191d14514c028a28a002b5fc3520174c84e372715914f8a468a40e8c430e4115c58fc3bc4509535d4e9c157fabd65367d3df063e29693a0f86c685e2079625b77636d3246594ab1c9538e7218939f43ed5bfe24f8eba15ac2cba1d85cea1718f95a51e5443dfb93f4c0fad7cb716b131405a2427d79151cfa95cc830084ff7457e76b846aceadd9f5d3ccb0ad732dcee3c7de3ad6bc5573e6ebfa896815b745650e5604f7099393d79624fbd705a96a934c4c717eee3e9c753f5aaecc58e4924f7aaf27df35f6197e45470d6e6d5a3c4c6e6539c7961a21868a28afa0514b44786db7b853a2ff58bf5a6d3e2ff00582b2c47f0d858de04f9ca0ff709fe5525300fdf6eedb71fad3ebe3e4f502ce99793e9fa95adfdb3159eda649a36cf21958107f315f77f87f53b7d6b43b2d5ad4830de40b3260e7018671f51d3f0af81ebe99fd953c582ff00c3973e15b9941b8d38996dc13cb42c791ff01627fefa15c18ea7cd1e63d2cbeaf2cf959edb494541a85e5a69f6725e5fdd436b6d10dcf2cce11147a927815e4c637d0f65b4b72c71495c04ff0019fe19c373f677f1540cf9c663b799d7fefa5423f5adbd0fc7be0bd6dd23d33c4fa54f2bfdd885caac87fe02d86fd2a9d29f6255685f716c6d7fb72d2ea6d426956613322223616d8a1e0aff00b5df269743f132c574da7df5cc4d2236c4bb8ce6297d327a2b7e95b1159408d7402068ee5b7c8847ca49500fe600a7cb6768f686d1ada13011831ed017f015872c933a39e32562c3167392c4e7d4d56bdbb86d554c8c4bb9c471a8cbb9f403fce2b3a3d3352b2cc5a66a2ab6c7a47731990c5feeb641fc0d5cd3b4e8ed5da79247b9ba7fbf3c9f78fb0eca3d8557337a12e29162de66932b241242f8ced7c1c8fa824566df235c78a34e0a3e5b48a49a46f4de36a8fe7f956c100fd474a8d845107998a20c6e77271c01d49f4a7cadec2e651d592515c9ea5f127c05a74e6deebc5ba4ac8382a972b2153e876e707eb57bc3fe31f0af881c47a2f8834dbe94ff00cb28ae14c98f5299cfe95a7b392e864aac2f6b9bd45252d458bb999e2ad6acbc39e1dbfd73507db6d65034afce0b63a28f727007b915f09ea17b73aa6a577aa5e306b9bd9dee262071b9d8b1fe75edff00b5978c1ae2fed7c0d672e22882ddea1b5bef31ff005719fa0f9883eaa7b578557b182a5cb1e667878fadcd2e55d06c84aae7d0e4d308db739e8197f97ffaea46019483dc114c88ef48dcf51ffea35df1d1a3cf5b9932f12b8f734da7cffeb9ff00de3fce995f5b4be04774760a28a2aca229877a8aa797eed5cf0bd969fa8f882c6c755d5134ab19e6549ef1a32e2153d5b03ad129f2c5bec72548fbd61979a36ad65a659ea777a7dcc1657c18dacef190930070769efc8aa15fa29e09d07c2b0f80745d334b7b1d7348b1887d8ae66f2e657604fce0818ce49e838af893e3dc1aac1f16f5ff00ed8b78e0b87b8dca8806df2f0021e38fba067df35e0e559dbc7579d2e5b58bab4392299c2d14e0a4d3be55e9c9afa339ec3429347cabfed52124f5a4a56b85ec2927d69282715149213c03c544ea280ae4b451456830a28a2800a28a720c90295ee095d96761112b92b8248ea33c63b75eff00e7149451599de95905412fde353d4530e869a7a995657891514515a1ca14e8ff00d62fd69b4e8fefafd6b1aeaf4d8b63a253840c7a6334b51161f640c3fb82a5af9096e30adef017896efc25e2cb1d76cf2c607fdec79e258cf0ebf88fc8e0f6ac1a5a89454959950938bba3eedb7f1368b37853fe1285bd41a57d98dcb4e7f8500c9c81ce474c75cf15f26fc72f88b71e3ed7a38ac4dc41a1da28f22de538323f795d41233d80cf0076c9ac4d3bc61abd8782f54f09ac825d375131928e4e6165915c943db3b704573483e425891b8e4d7251c2a84aecedaf8c7522a2862f98bf22ba923b05cff5a7189997e67539ff0064548bb1461700529e9c575e8ce2f791b9e17f1bf8c7c2ee8ba2f88eee0881cfd99cf99091fee36547e001af4ad37f68bf155bc78d4f47d1ef00006e8fcc849faf2c33f415e2bb963240cb39eddcd091b160f2919eca3a0aca54212dd1a4313521b33e8cb2fda4ed1d47db3c23710b63fe595eab8fd5569d79fb49592ae2d3c27732bf3c4d7a231fa2b57ce0ee555a56e83ee834d818cb1e0e448bebf4acfea94fb1b7d7ab773da7c43fb43f8b2ee1f2f48d2f4cd2cb71e6b6e9dc1f6ce17f306bcbbc47e25f147896466f106bf7da82939f29e622207d907ca3f002b301591082bf51e94ab90a0139f735ac28423b231957a93dd91a44abf7624c7d7ffad48ca519648d1564520ab2b6d39ed83daa465c1dca707f434d32a630e554f704d6965d4cd4a5ba3d9fe0efc6fd474590693e339eef50d376fee6ed87993c2de8c73975f73c8f71d3df35ef1d787b4bf013f8cc5f4573a6183ccb7646c19d8fdd8d41e431231823230738c1af86d1d1b28aea73c70791531bcbebab48acaeaf6e65b5b576f22dda42628c93962abd0127938ae5a9848ca5747652c74e31e564fabea579aceaf7dad6a2fbef2fa669e53d8127803d80e00ec2ab29ca83ea28938463e80d241c4283bed15d4924ac8e2726ddd8ea641c1917d1bf9f34fa8938b993dc03fd2ad6e232e6c79cff00ef1fe74da748419188fef1a6d7d5d1fe1a3ba3b0514515a94365ff00566abd4f2fdc22a355e324e2a96c72d6f88eb23f889e288fe1e5bf816daf4db6950dcb5c6612565624e761607ee86cb63d4d72f71712dc4ad35ccd24f2b757762c4fe26a22dd80c0a4aca961a9526dc15ae66e6d8a5b34da28add121471d4d151cadc102a272e4426ec3657c9c76a651de8ae172727a90d9668a28af48d028a28a4d8055a8dadcdac68207170b23334be670c842ed5db8e08218e73ceee9c55615241d4fd2a5a2e9af78968a28a93b429b20ca9a7514d68292bab1568a95d0939504d5ad1f4abed5b518b4ed36d26bcbb98e238604dccdff00d6f7ed4e53514e4ce2e469d87c7a0eb32684faea69b74da6472794f742326356f427f2acf553d40afbcbe017822f7c35f09e3f0e78a2c2d8c970d235c5b31122b2b93f2b7627071587f113e1bfc2af02fc35f116b27c2f68ecb6b2089ee1ccae257f9502336769dc4631d2be3ffd6ca32c4cb0d6bbbd91d4f06d4798f9090e74fce7a2d5ac8db91dea969ade65a94eff00fd6a995898636f4233fca94d5a4ce3b13d1499c36d27b52f6cd400d7e9ed56b419e1b4d66c6fae21f3e382e6395e3c643056076e3f0aae6a3838debfdd63fcf343574ca8bb34cfb9359f07f85f5ab18dc687a3ca701e091ece3653dc751c8356bc3ff0b7e0ff008c2dde0d53c0ba65aea50f17115b17b6e7fbcbe532fca7dba67df2791fd9d3c52be22f8796f6b2c81af74a22d2604f2500fddb7d0af19ee54d773a845756b7716b3a6318ef6df9c75122f7523bf19ff38af269d6952a8e323dc9e1e389a2b97730f59fd92fe1addc9249a75ff8874a2df76386ed1e35fc244663ff007d571baa7ec7eb19ce9de33b99d7fbb340108fc4673fa57a6cff00b47fc3ed1f575d1fc5cfa8e8172ca19269ed5a582507babc7b8e3391f32ae08e78e6bbef0c7c43f02789ca2f87fc61a1ea523748a0bd8ccbf8a6770fc457a2a573c16a54a56923e625fd96dad9ff00d221d5ef1b3c11770843f86dcfe751a7eca77f7d382b7d7966a7f8a79236cfb7c83fa57d73a3eb1a6eb02f0e9b72970b6775259ceca0e1668f01d3dc82707dc11dab47028b6a6cf1578db951f2be91fb1d690086d57c6ba9b8ee96f0227fe3cd9cfe55af0fec7fe0659019bc51e2874eea92c2a7f3319fe55f48d56d42ee0b1b492eae6648a24196663802aaece6bb93d0f9675efd9efe1c68fe26b2d22dc6b1a8610c972d777b9c8ec3f76ab8e87d3a8a6fc46f05fc3cf03fc38d6b55b2f0ae98b3a5b3476cd347e7b099fe4420c9b8e43303f857a2e9570fab6b1a8eb92820cf2958f3d428e83f01b47e15e15fb5a78a167bdd3fc256b2822dff00d2ef003d1c822353e8402cdff025af3f9e552b593d0f7e74a14282bad4f9fbca5327cb81b170081de9f6cc595d88eac6949fde2a03db71a58d76291ee4feb5ea23c4625c13e4951d4fcbf9d3c000003b5230c919e839a5a0421243201dcff434c38fb4939fe01fce9cff007a31fed7f4351cc487761da3a71d582dcca3d68a28afada4ad048ef5b0500127029429efc0f5a527b0e95632394aa8f53503124e49cd3a6397a6f6ad16c715495e4251451426405153594714d790c33dc25b44ee15e6752c2304f2c42824e3d054468e61586c8d81ef5067269d2b64d32b86acf9992f70a28a2b302cd14515e9961451450015341d0d435e99e03f831e3af14dbc3776da7ada5a4e03a4d70c46e53ce42a82dd3a640cd72e27134f0f0e6a8ec6b462dcb42f7c22f83ba9fc42f0f6a3acc1a82d9456ac638c18779918004f7181ce38cf7f4e7cef59d3af348d56e74cd42130dd5b4863950f623fa1ea0f706befdf83fe10ff00841bc0563a0b3abcf192f33aff00139249fd49ae5fe257c0df0cf8dfc41fdb5737375637063daff662a377a672ad9c76f6e3b0af89a1c5f4962e70a8fdde87a7ec1d8f880231e7b7ad3be45ebf31fd2bdbfe3e7c19d1be1f786a0d5f4fd6aeae2479550c372c84b03fddc2ae0f7efc03e95e195f6583c5d3c553f694f63192e562bb6e18e83d2b53c17e26d5fc19e23b7d7b449234ba8010048bb9581ea08c8fd08e959541c1eb5d152319c5c65b194a37d4fb9bf678f8a13fc4ad0afe6d46ce0b4bed3e4559046f90ea4677fb7718f6eb553c6bf15fe116b3a7eafe13d735b49627125b4ebe43eddc3bab63a823823b8af8f7c33e29f117866df518740d527b04d421f26ebcbc7cebce392383c9e473cd73ccac0fcdf9d7c8c784a87d6dd7bdbb153c44e30e566a59b411df4f0dac8f25bef611c8c305973c123b715659488658c76391f4ebfe35a3a2f81f587f0d3f8a2f26b5d2ec0a13642e98896fd87685002c46782e709db7678aa48caea1d7b8e7d6baf1b41d39dd6c79aaac64da4c66ef9e271d1863f3e7fa54a7918f5aad8220745eb13647d3a8ab20860181c82335c2521233ba3539c9c734814ace48e8e3f51490fcbbd3fbad91f8f34fa00ee3e09f8d1bc19e3482e6791869b778b7bd51923613c3e07753cf4ce32075afb323749115d19595864303907debf3ec57d39fb3278f9756d1ff00e111d4e71f6fb04cd9b31e66807f0fb94ffd071c7ca4d79d8da2dfbc8f5b0188b3e466afc74f873a7f8b743911d562704bc1305e6094f7ff0075bb8feb8c7c49e21d1eff0040d62e34ad4a030dcdbbed753d3d883dc11c83e86bf4b2e228e781e19577238da45792fc49f83fa678b2547beb59249621b62bab791525099ced390411c9ea0fea6b2c3e2395599db8bc1ac42e65a33e3bf0e78d7c63e1b04787bc55ade92a5b715b3be9225627ae42b007f1aed6dff68af8d5044234f1fea240ef2450b9fcd909af49b9fd99acbfe595f6ae98ce77468f9fc80aa13fecd0dbcf97ac6a283b06d3f763ea430aecf6f03c879657e8799ea3f1b7e2ddfc0609fe21f88d6339cf957ad11393ea9835d7fecf5a36b1e2cf14bf8a75dbdbdd492c1bcbb76ba99a5679d87ab13f741cfd4ad69b7ecd374870de22b807d0e94dff00c72bde7e11f8360f0ce9169611c2eb0d94780ee9b4cb21e59c8fccfb703b56756bae5d0ecc165d3854e7a8b44753aaea165e12f085c6a77ac16dec20323e0e0bb7f747bb31007d457c4be24d5ef35fd7efb59bf7dd7379334af8270b9e8067b01803d80af62fda93c7097f7f1f8374d9f75bda3896f994fdf9bf863fa28e4fb9f55af0da784a565ccfa98e6188e79f2ad88a23ba495fdf68fc2a4a640088c67a924e7f1a7d769e70514514c0639fdec43dc9fd3ffaf50de9db1487d5401f99a98f3373d157f99ffeb555d4d892b10fa9adb0f073a891514dc8a229c063af5f4a0617dcd34f35f569591dcb44293934945326385c7ad3444dd95c898e4d368a2b4389bb855fd6351fed192d5bec363662ded63b70b6b0f961f60c6f7ea59d8e4b31ea7d0600a1524c23594ac6fe6203c36dc67f0a96b515c695f954e473ee38ff000a631c0cd3bbd325fbb4a6ec989e8407ad14515e78828a28a00b3451457a65851454c9180374870a4703b9a022ae31119ce14135f5cfc02f8f1a4de58d87847c4fb2c6f1156082e507eea53c000fa31fc89e87902be497972bb546d5f41fe79adaf870aafe3ff0fa38cab6a76c08cffd355af2738c053c661e5199d1427c92563f4858770720f20fad35890acc17790a485f5e3a573be34f1a787bc19a02ea9ae5f471a08d42461b2f21dbc0007535c1783ff68af026b7288750927d1e52703ed2a117fefac951f8b0afc6e9e418a9cdd4842f14cf65d556b33e72fda1fc5fad789be215fdbea41a1b7d3a66860b7ce40ff6ff00e043047a0c0f527cdabd2ff694bcf0f6a1f14aeaf7c3b770dd412c286692220af980918c8e0e1420af34afd9f2c82861a0ad6d0f3e6f50a38a64922c6393f85559a767c80702baa55144c2756312c493a29c0e6bb9f0478762b68e2d6f5eb54b87741258d84a328411959a55eebce550fdee19be4c092b7c24f0b69dab5f8d5fc4731b7d1a19bc843b431967238f94fde48c10ef8cf0557f8c11daeb16f7969aa5cdb6a0185d472112963925b3d73dc1ea0f70735db97e1fdbcef3d8f9dcd73294172c3728eb8d79ab5e35eddddc93dc3000b4873c018007f7401c003803a0ae4b57d3e6b495aea38ced3cc8a3f98aec28382304020d7af8cc051af47d9b563e7f0f8ba94aa73a3802ca5d65539571b49fe5fad107cbba2fee1e3e9573c511e9ba75c6f82e614321c3db6ee47b8c74fc7154b7ab2acc87200c37b8afcdf1587fabd4706ee7d950acaac14ac29f96e41fef820fd454b4c994b4794c6410ca69c8c19038e8466b98d8473864f76c7e86aee8fa95ee91aa5b6a9a6dc3dbdddb48248a45ea08fe63b1078209154273840dd9581a929349ad46a4d34d1f6a7c29f1f699e3bd016ee06483528405bdb3ddf344dea07743d41fc3a835d8d7c09a56a3a86917f1ea1a55f5c595e47f72682428c0719191d47b1e2bb0d47e307c46bfd1a5d2e7f10288a542924b1dac692b29182370031f51835e6cf04f9ef13d58660b92d2dcc21e33f175bdd4c6c3c61e208a0595c42a35190aecc9c719c74aefbe09f8e7c63aafc4fd0f4cd57c51a8dcd8caf22cb1c8c18362272a0f19fbc16bc7e3011fca5ce0203cfd6b5340d5af743d66d356d3a511dd5acab24648c8c83d08ee0f435d93a3170b25a9c54f11253bb7a1f7bd79d7c6ff0088b6de08d09adad2547d76f2322d221c9894e479cc3d07607ef118e80e3c6af3f684f1ccd66618ad344b595971e7c76ee5978ea033919fa835e59ab6a77dabea971a8ea77935e5e4edba59a56dccc7d3d8018000e00e057151c1c94af33bebe609c6d1219e696e279279e47965918bbbb9cb31272493dcd328a2bd34924790db6ee14514531064060a7ae338fc68a645f34d23765c2d24f3a429b9c803a0a12b8ae24b22c2a5dba9e00acd9642ee58f53d4d134cf2b9673f4f6a8ebdfc0e15535ccf73ae942cae1451457a46c15048db9b352cad85c7ad41deaa2ba9cd5a7d04a28a9ec25821beb79aead85d5bc72ab4b06f29e6a8392bb872b919191d3354dd91ce8828a7ccc8d2bb468510b12aa4e768ec33de994277d4614d97fd5fe34ea490650d44d5e2c4caf45068ae02428a28a00b34e552c400324f4c50a858f1d29ece106d4efd4fafff005abd3344bb8ef922f467fd0544cc58e589269b450272b854903bc52ac88c55d482ac0e083eb51d6cf83fc33ac78b35a4d2343b5fb4ddba960bb828c7b93c0c9207d48acaace108de6f4085efa06b3aceafacc91c9ab6a7777ef12ec46b899a42a3d064f15429648a5b79e5b5b88de29a17292230c15607041f7cd324754196ace0a0a3eeec76a9d95d8a480324e2abcd71da3a8a6999fd87a545594aa7447354ad7d101249c9356b49b0b9d5754b4d36ca3f36eaee648214c81b9d880064f0393d6aad7a57c06f0aea5e21d5357bcd2feccd756564d15b472ce91996698326c40df79bcaf388039ca823d2a209392bbd0e2ad53920e4686ad25a41341a6692e5b4ed353ecf6ae01065c125e620f432312f83d010bd145745a75d2f89b4e86c9c635ab38c470633fe990a8e13feba201c0fe25c28e5543729a859de69d7b2d8dfdacd6b73136d922950aba9f7079aa7797a34e80de972862c3295383bbb60f639afae946953a0a717b1f1edcead5b3ea6aeadaa5a6956de7ddc81739daa3ef39f402b87d53c49ab6acc52d33676c4e320fccc3dcf5fcbd6abeb1a9ea5e28d666d6f5b9c4d3cc41fb814360632400073d49eac492724925be800e057c46639e56c43e583b23dfc36069d1576aecad0d8c4a773e656ee5ba7e54e6d416d2f163c7cb8f9b9e95649c026b9a91cbca5db924e4d785293dd9e8d3bdceced64574013a000e3d01a727c8ecbd8fccbfd6be8bb3f847a5f8dbe0d785b51b1f2f4ef10269106cba0b859c6ce16503a8ec1ba8e3a818af00d6b4dd4745d566d2757b47b4beb7621a37ef8e320f423af22b1a75a3376ea7a15284a093e855954346ca7b8a4b76dd0a9ef8c1fad3ea341b2675cfcaff32ff5adae602cf909bc75539c53c105430e9da8a88210ad0f4eea6801ccbfbd471d81069646d91b37a76f5a542c50161838e45248bbd36fb827f3a3601d51dbfccacffde6cfe1523e4a301de9140550a3a0c62810bc63269b1b1640c7bf34dbae2120756f947e352200a001d00a062d35d822163d8669dcd4ba7e9b7fabde8b3d36d64b995177b845c845cfde63d8648fc703bd27251576349cb44522e208016e5db9c7a9351a430df42eb38dcc7ff1dfa560a5fcd3ea48d21c293b76fd6b621731c8187e3f4a2e73d493bd8a1346f633f92ec5a26e158f6352d68eab6e2e6cdb18240c822b26d1cc908cfde0769fad7b796e25cbdc91d785ace4acc968a722b3baa229666385006493e82ae789744d6340b98ed759d36eb4f9a48c48893c654b29ee3d6bd5752316a2d9d52765732646dcd9a4ed45256cadd0e26eeee14514550828a28a0028a28a4d5c44122ed34dab0c01151794dbba71eb5c7529b8bba25a19d6a5d8107ef0f3fddff1a0b04fb9d7fbdfe151139acb40d8bb238c6d5e9fcea3a53495e916c28a28a002beecfd9c62b5d4be1c689afdce8161a75ff966349a050be60195dd81d095e7f1af84eaf47e22d7608ed22b7d67518e3b27df6a8b72e1606ce728338539f4c57859e60258ea3c919599ad1aaa9bbb47b27ed7b27816c3c6d2e93e1fd124b6f11a4c2e755bc562b0bf988240a13a163bc316e31d39c9c7833b333126b4fc51e20d67c4faccbac6bda84b7f7f285579a4c02428000c0000c01dab2a8c151950a31a727768cead4e7770a28a2ba8cc2bd4bc0300b6f04412636cb77792cc4f3f346a1113f2612fe66bcb941660057b0e870343e08f0d312ac25b19586d18ff0097bb81cfaf20d77e5d18cab2e63cdcce4e34343af8bc5dfda1611e9be2fd322f10dac69b219a5731de40be8938c9c0ce76b061ed5e4ff1793444f105b69be1abebeb8b26884d2addc4a9242e49f9095243600077003ef74ab1aaf8c2d6d2f1ed6dad5eedd090c55b033edc1cd71f25e49a96b7737d347e5bb003675da381fc8573e738ba1183a7425eaba1c397e1aa2973d45e8580a02855e001814ea295002ea0f738af943d6246876da891fef120fd05731770982e5939c672a4f715dadca6e89d47a71f5ae7b5683cc83cc51f3273f854cb62e9caccfd01f8528c9f0b7c268e0865d16cc11e844095c87c57f04e97e29bc92cafa0c4ae37db4e9c491b11d8f7c91d3a1fd6ba0f81daedaf887e13f876fed187eeec63b69573cac91288d87e6b91ec456978d226416b791f0d1b6dcfea3f91af9ead29426da3ed30d18ce093dac7c69e2ff0ceafe14d43ec9a9c5be076220bb41fbb947fecadec7ffaf58aea5864704722beccf1df87ac354d399ae2ce3b8d3ef141963619009e41f6ebc1ec6be6cf1ffc37d4fc3b33de6911cda86939c9006e96dfd881f797dc7e38efe8e171ca5eecf73cbc5e5ee1ef4354710a4119a3029892c6fcab29fc69e41c100e0fad7a49a6794d35b851c536262c086e1c7045358949b3fc0dc37b1f5a6224a28a295c06b8dcca3b0e69d4d79114e0b0cfa77af5af857f04f5af13b47a9789527d1f473c88986db9b81ec0fdc5f73cfa0e7359d4ab182bb35a746751d92386f02784758f1a6b51e9ba520488b859eee407cb8477ff0079b1fc23ff00af5f55695e05d0fc15f0fefb4bd22126468b7dc5cc9832dc329ce58fb7381d07e75a1e1cd1f4bd2f588f4bd1eca2b3b0d3e1db1c718c0c9ea4f724e4e49e4e2ba2d6a3f3747bd8fbbdbbaffe3a6bc7ab8a755e9b1eed0c1c68abbdcfccfb8530ddba839d8e403f435bb23ec5dc7eee403f4aabe21b368fc5fa8d9b0e62bc951bfe02e41a975170b64f9f4c57b107a1f315d7bed1b162dbe02a79c1c7e1585718b4d42456e12439fa1ff3fceb6b4c56fb3ee6ee7fa5665c9597526460194c64f3df27ff00ad5bd2aae9c94919d39384ae779f06bc07e26f17789ec6e747d35e5b2b4bb8e4b8b893e5880560c5727a9c761ea338afb67c67e09f0cf8c6c2dacbc4ba5c57ab6ccad19c9565200e8c39c1c74ef5f14fc29f8ade2cf85dbadb4f58f51d0e693cc92ca6fe138e4a3755e9eff4ef5f5de97f173c0d7df0f9fc6abacc22c21451731af334329ff96663ea1b3d3d472091cd781c4188c7d7ab19515f71ede16b539af78f9fff006c1d2fc1be1aff00847fc3be1dd0ecb4fbd5592e667b78f6b7967e550deb9209fc3debe7bafa33f69bf1cfc31f1e785adaf743d465b8d76d26090e6d5e32d19fbc18b01c77fa8fad7ce9dabee320757ea715553e6eb738f116e7d04a28a2bda4ac62145145300a29402697217eef5f5a4d8587050bcb9fc3bd35db771c63d293926928b5f70bf618d10ed4d319f5cd4b4564e8c589a41451456c30a28a64af8e2a273515a8b61247c702a2a3ad15c339b93b921453e668dcaf97194c280d96ce4f73edf4a654882942963c53dda499c176dcc1428fa0000fd050ec106d53f53ebffd6a1798d016da36a9fa9af504bb7b5f87be17bc4937451e9f711b0238575bcb862bf93a9ff815795d6f49e236b9f02d978463b45f321d467bb6bb2e73e5c89128880e980d196fa9e31ce5ac62c37bcce5c551f6d148a1a52e62790e72ee79f6ff0039a8d098f576527fd62ff4ff00eb55c890468a83a0aa1aaab23c370bd54e3fa8feb5f3736e4dc8a89a740243061d8e69b138923571d186453a824d60c19430e8466b36ee2f2e4e3ee3722a4b59fcbc237ddfe556e5459632a7073d0d488eeff666f88abe05f15bf87b589c47e1fd5a4056473f2db4fc05727b29e15be8a7b1afaefc436ff69d1ee13192abbc7d473fd2bf3caf6d83a34328e4743e87d6be9bfd95fe2a7f6c58a780fc4738fed4b48f6d84ae7fe3ea103ee64f5651f9affba6bccc6e1f997323dfcaf1b66a123db3c3de5ddf87e38a550ebb4c6ca7d013fd31598fe1590dc3edba458739525496fc4568f862336e979664e7c9b838fa10315b15e528df73e81cecf4382d67e157843558667d4349b7baba753fbdf2c46c5bb64ae1bf5ae2b4ef82df0ef5526d5edf52d3ae97a082edb0dd7fbe1b9e7a7b7d6bdc6b9cf11e8d2bce6fec57327de755e1b3ea3deb5f6b521aa662e8d3a9a491e6b71fb36f8518016de20f10c67bf99244ff00c905507fd9b34cf3005f12ea263cf2484071f4db5eb9a378855b16da97eea5071e611807ebe86ba0565750ca4107a107835a2c5547d4c9e0a9c774789c3fb37784867cfd7bc42e4f4d934498fce335ab63fb3ffc3b81819edf52bd00f227bd600ffdf1b6bd628c53789a8fa8961692e872fe1cf87de0af0eca9368fe1ad3ade6439499a2f3255fa3be587e75d2cceb144f2b70a8a589f4029c062b23c5539874878d73ba66083f99fd056339b7ab66f4e9c62ec887c248cf15d5fc9f7ae25fe5ff00d73fa551f8a7e37d17c09e179b54d5a40f248ad1da5a29fde5cc98e147a0f53d00fc01a7e3cf1c681f0cfc2705c6af2f9976c856d6ca223cdb993a90076504f2c7819f5201f8dbc73e2ad6fc6be229b5dd76e03ccdf2c1029fdddb479e2341e9ea7b9e4d74e130ae7abd8e1cc31d1a4ad1dcc49a49aeafeeb51ba0a6e6ee669a5206002cc5881ed93546f5fcebb8ad93955397ff003fe7ad3efef7c91e545cc87ff1da9b42b261219661976e4e6bd9b5b447cc49b6f999aea3c9b5ce790b9fc6b0ad4893509e4feee147f9fc2b575ab9105a1f5ebfe1599a54652d0330f99ceee6a895b1a967203fb971953d3daa96aba73c61a6b62573c951d0fd6a4190c181e95ab2289222a7a1154b47712935b1cb432074cf43dc5483ad32e13c9d45907471bb1fe7e94eafa8c0d7f6b4933aa2eeae14514a012702bb8a13ad2e38c938a0103a7341249c9a4980a5bdb8a6d145300a28a2800a28a2800a28a2801b236d1506727269f3125f15bb6be0ef10dcf82aebc630e9ecda35accb0cd396030cc40040ea4648191dcfd6bccc46223195a4ec4d9bd8e7e8a28a090a5505880393da907269cf2a440ae72dfc47d3daa6538c7761b0f660abb57af73eb5154666cb61559aa48e2ba7385b76ff0081715cf2c6535d41c8665de4114409635ab636ab6f163ab9fbcd51e9b04902bb498dcc7d6add7935aaba8eecc672bec2818a8aea212c2e84f51c7b1a9a8acec4a763374998ab35ac870ca78cfea2b4ab3f52b7627ed30e43a7271d7eb53595cadcc6093871f787f5a91c95f52d54f6d72633b1ce53f9541455925fba89664dcb82c071ee2b3375d5addc1a8584cf6d7b6ae24826462acac39183f5ab76b3f967639f93f95497b0e479b18073c9ff001a96931c24e2ee8fac7f67af8ab61e3db392d35074b6f1243127daa03c0b8dbc19507bf195ec7db15ebbed5f9c96b737fa46ab6fade8d70f6ba85a48258a48fae47f3fa1e08e0d7dbff047e21d9fc46f0747a9a7970ea36e445a85b29ff57263ef01d76b751f423a835e462b0dc8f9a3b1f4b80c6fb65cb2dcef28a28ae13d4209ed2d67399ade290fab20269d6f6f0dba9582248d7d1462a5eb45164176145145001dabc9fe3d7c44b3f050b62b125e6a7b4b5a5a336159ff00bef8e422f04faf418ce47a1f8b75fd37c2fe1cbdd7b579c4367671191ce7963d95477627000ee48af837c7fe2cbcf1578a2fbc4bac36d9ee9bf77006c88231f7235f603193dce4f7aebc361fdabbbd8f3f1b8cf631b47722f126b7aaf88f5a9f5cd7af9efafa6fbf2bf015474551d1547a0ae7eeef5a56f22d4124f1b875fc3fc69a7ed57eff002feea1f7e87fc6b56c34d5890003683d49ea6bd84acac8f9a9c9b7796e54d3b4fd8c19b2f29ffc76b6d425ac1f31e7afd4d35e58ad97620cb7a7f8d626a5a83bc9e54277c8c7191fc35467f111ea52bdf5f0815b2a0e5f1dbffd557e3002ed1c0c62ab69f6c208f2dcc8c3e63fd2add090e4fa044a6491547735afdbd8552d3e2e4ca7e82a2d6af96d602a082edd050d9295cc9d59d45fa3e41eb9fc69296188359bb4d9324c723d73da9cd15ca228548a4da31900ab1faf6af4f2fc6c68de32378492d18839a09c703a542d3143896378fea38a72c88ff7581af729e2a94f666bcc98ea28a2ba534f6185145140051451493b80514514c028a28a00ddf86ba84fa6fc42d1ae20b0b5d41daee387ecd7281925de7660e7a7dee0f638afd09bad0fc3afe18bbd1eef4ab3fecb784b5d59841b76fde3f28f71c63b8afcd62cd1ca24462aca41520e0822b6b4af1b78b749bdbbbeb1f116a30dcde4461b995a72e654208c36ece7a9c1ea33c57c8675954b1738c94ad636a15d524d3433c7979e1cbff15df5df84f4ab8d2b46771f66b69e5f31d540009279c64e4e32719c64e2b019803b40258f000a7c714d390225217bb915a36d6d140a303737763d6b79627d9c1422ef639273572a43612c8374cfb01fe15eb56e3b2b78c7faa0c7d5b9cd4d8a7119ae294e53d598b93622285185000f414ea28a448d6c8e579f51eb48aea46579069f50bc6d9dd1b6d6f71c1fad2026a2abadc056db30f2cfa9e87e86a753914c00f359f7568e920b8b43871d57d7fcfa568d149ab8d3b15ed2e927047dd907de53c558a867b78e5218e55c74653834b1798bf23956f461c7e6292b83b0fab16b70626dae4953fa543453b089eea00bfbc8f953d71dab4fe1af8d753f871e3383c41a7869ace43e5dfdae7e59a22791ec7b83d8fb120e55b5c18be56e54f51525c5b47326e88860472beb5124a4accd29d474e5747df5e12f10e93e2af0fda6b9a2dd2dcd9dca06523aa1eeac3b30e847635adc57c15f0bfc7be22f86bac9b9d218dd69b330377a6cac424a3d41e76b63a30fc7238afb23e1b7c42f0cf8ff004bfb66857a0cc8a0dc59cb859e03e8cbe9fed0c83eb5e3e230d283bad8fa7c263a15a367b9d6d14515c877854577716f696b2dd5dcf1c10428649259182aa28192c49e0003bd3dd963467760aaa324b1c003d7d2be49fda2fe2d3f8cae64f09f866e58787e17c5d5cc67fe3f9c1fbabff4cc1ffbe8f3d00ade851954765b1cb89c4c68c6ef731bf68ef8acfe3dd75345f0f3b3681a7b96490e545ccdd3cc23fba06768ebc927a803cbecf4bf31bcd94f9addd9ba7e5572de082dd079981e883fad3e5beda87661147727a57b74e0a0ac8f96ad5a5565cccb090c16cbb98f3d89ebf8553d435348811bb6ff00e846b367be9ae1cc76cace4f573d296dec1436f9dbcd73d73d2aee6565d480c9777d9112f9511ea7d7fc6ae5a59c76e38f99fbb54fc2f41c52919a121362d3e085a57f451d4d3a081a5e7a2773534d7315bc456152cc07000a6485fddc56106723207ca0573d0a4b7f706e6e3fd5839e7bfb5596b796ea7335db67d101a57ccf27d9a33b624ff5847f215268b443e02657f38f08388c7f5ab3f9535381800003a014eaa20902c0fc3129efd454336911c83722a1cf4287146df7a9124743946228bb5b05da33e5d36e213fbb91b1d838e3f3aaeef2c3febe2603fbc3915d0c77838122f3ea29d225ace0805413ef8ae9a78bab4f665aa8d1cfa3ab8ca90696ad5fe9250996dc853d46de9ffd6aa31c84b18e41b241d47ad7b384cc6357dd968cda334c929692afc7a36ab2e892eb71e9f72fa6c328824ba58c98d24233b4b7407047e63d457a32a9182bc99a2bbd8a1451455c64a4ae8028a28a605dd1f4f8752bc6b69b51b5d3c79323acb7258216552c13201c162303b648aa1a7dbace5a5946e556c2af6fad3892013ed53e9836d9271c9c9fd6bc1cd5b4d58caa3b22c9505769aaed29b79824c731b70ae7b1f4356aa29a2596331b7423f2af16e60992f1da8aa36333231b59b874fba7d455d2714d31356168a28a6014514500359430c1c107a8238aac6d8c7cdbc863ff0064f2bffd6ab74520b953ed4d1b6db94319ecc3953fe156a268d8677601efd45232ab0c10083d411c5556b568db7dac8633dd49ca9a571e868791211b970ebeaa6a320838208fad538af9e170b70ad0bf40c3a1ad28af03a00e16453d0d17135621a2ad88ade603cb6da7d2a292d655fba0381e9540434f865789b2a78ee298410704628a405d5782e5402006fd69b672ea3a2ea90eafa4decd657d036e8ae606daca7dfd41e841e08e2a9818a9e0ba64e1fe64ef9a9767b8e32707747d5df00fe3245e352be1ef10ac569e238e3263641b63be503964feeb81d57f11c640f5ed42eed6c6ca6bdbdb88ededade3692596460aa8a064924f40057e79f99359dddbea3a6dc3dbdcc122cb6f34670d148a7208fc6bd6fe2e7c6093c79e08d0340b26fb3cb75109f5e44e007462a211fecb3297c7a6cf7af3aae0ef34e3b1eee1f32fdd3e6dd09f1abe335ff8da19f41f0d0974ef0e31293dcb12b35eafa63f8233fddea475c0256bc79e6585765b46c7031b8607f3e9525c4bb98220c46bc002a32335df4e9469ab23c8ad5e55a579155daf589d8b147fef124d345919087b995a5f45e8055da2ad98b90d8d11142a2855f4029d4515420ef8009a7a6c5c33fcc7fba0ff003a6514807bdc4920dbc2afa0a65559ef60886376f6f45a8b65cddffac1e4c47f847534ae34874b3b4ae60b66e7f8dfb28ab16f12c29b14703bfad2c30a44812300015250903614514550828a28a401c77aa8f72cf298add0391f7989c28a351b8f261210fef1f85c7f3a7d94221b754efd58fbff009e29363b771d12ccdcc922fbaa8fea6a2d4a012c45d47ef13907dbd2ad00052d5276d413b1996acb305dce1327049e83df8afbcbe00f867c19a67c327d2342d6ad3c516371399afa5654646959141531f3b46157e56c9af82215f2ee26840e8dc5765e0ff883e24f0a786b5cd0745ba5b783595459e400f991edc83e5b03c16048279e3a60f35dd9860eb665848aa72b347a386ab183bb47a27ed8f677f6df116cda5b1b7b6d30d8aa69e6140aacaa7e6e80742c38e9823debc3eac5dde5ddd95377753dc1518532c85b1f4cd57af730387961e8469c9dda22a4b9a5741451457612365ff54ff4abd68a05a4407f705519d49b7908e80735a48bb6355f418af9ecda5efa4615741d451457946250d5616da2e23e1e3e491e9562d265b880483827861e86a62158107907ad65db93657e6127f77274fe9fe150ca5aa3568a28ab2428a28a0028a28a0028a28a006ba248bb5d4303d8d527b3789b7da4a50f5284f06afd191eb49ab8d3b1416fda37d9731346dfde157a0d4908f96e1187a31c7f3a6ba2b8c3a861e8466ab49a7db3e48464ff0074d4ea3d19a9f6a491712c21bdc1a630b661f2bbc67d0f22b23fb3307314eebf8521b4be43f2dd03ec58d01ca8d46423eeb2b7d0d31ce1492400064d6714d517a48ac3ea3fad437925fa425671856e33c7f4a2e0a05ab1b99a59e4192d0e4e1b18c629ba7ddaff00694fb4e04a081f8554863be7b609129f2cf71819a9db4d2201b1bf7c39ebc1a45d92245be99aec41e48524e304f35a3582f2cb15dac93a12ebd8f19ab7fda33b7faab627f3354992e3d8d2c7bd348c566f9ba9ca3e58c20ff771fce97ec77b2ffadb9007a6e2690b97bb341e58a3fbf228fa9c54126a16abff002d0b7b28a863d2a11cbc8eff004e05598eceda3fbb0a7fc0b9fe745d85a2556d42494edb7b72dee68fb35e5c0ff489f62ff747ff005ab43200c0fc853a84ae1cdd8ad6d690423e44cb0fe26e4d59a28aa26f70a28a2980514514005359c2a9663800649f6a75676b131c25b47cb3f5c7e952d8e2aec8ecc35e5db5c3e42270a0fe95a8062a1b480436eb18ea073ee6a7a6824eec28a28a62326e323546ff006803fa5494cd432351438ea9fd4d3ebe832977a6d1d34f60a28a2bd6343fffd9, 'image/jpeg', 'Magyarország', '36', '303390610', 'Hódmezővásárhely', '6800', 'Beöthy u. 11.', 'kertesz.istvan-e2022@keri.mako.hu', '$2y$10$/AYGAbH1sQoN8UJpGSJ7n.68yQO8FZz.8pY0XZtPaBrxL8pBmPgBm', '2023-09-11 06:07:07', NULL, '2023-09-11 08:01:04', 0, 1, '');
INSERT INTO `users` (`id`, `user_role_id`, `last_name`, `first_name`, `born`, `gender_id`, `img`, `img_type`, `country`, `country_code`, `phone`, `city`, `postcode`, `address`, `email`, `password`, `created`, `modified`, `last_login`, `wrong_attempts`, `valid`, `verification_code`) VALUES
(2, 1, 'Joó', 'Mária', '1968-09-05', 2, NULL, NULL, 'Magyarország', '36', '308061386', 'Makó', '6900', 'Bajcsy-Zs.ltp. A/2.', 'joo.maria-e2022@keri.mako.hu', '$2y$10$/AYGAbH1sQoN8UJpGSJ7n.68yQO8FZz.8pY0XZtPaBrxL8pBmPgBm', '2023-09-24 15:12:48', NULL, '2023-09-24 17:01:56', 0, 1, ''),
(3, 1, 'Hevesi', 'Szabolcs', '1992-06-12', 1, NULL, NULL, 'Magyarország', '36', '702301503', 'Szeged', '6725', 'Rábéi u.9.', 'hevesi.szabolcs-e2022@keri.mako.hu', '$2y$10$/AYGAbH1sQoN8UJpGSJ7n.68yQO8FZz.8pY0XZtPaBrxL8pBmPgBm', '2023-09-24 15:17:14', NULL, '2023-09-24 17:13:25', 0, 1, ''),
(4, 2, 'Kovács', 'Gábor', '1980-01-15', 1, NULL, NULL, 'Magyarország', '36', '303456789', 'Csongrád', '6640', 'Kossuth utca 12', 'kovacs.gabor@example.com', '$2y$10$/AYGAbH1sQoN8UJpGSJ7n.68yQO8FZz.8pY0XZtPaBrxL8pBmPgBm', '2023-09-24 15:43:41', NULL, '0000-00-00 00:00:00', 0, 1, ''),
(5, 2, 'Tóth', 'Zsuzsanna', '1995-03-20', 2, NULL, NULL, 'Magyarország', '36', '207654321', 'Szeged', '6720', 'Petőfi utca 8', 'toth.zsuzsanna@example.com', '$2y$10$/AYGAbH1sQoN8UJpGSJ7n.68yQO8FZz.8pY0XZtPaBrxL8pBmPgBm', '2023-09-24 15:43:41', NULL, '0000-00-00 00:00:00', 0, 1, ''),
(6, 2, 'Szabó', 'András', '1987-07-10', 1, NULL, NULL, 'Magyarország', '36', '204567890', 'Hódmezővásárhely', '6800', 'Rákóczi utca 15', 'szabo.andras@example.com', '$2y$10$/AYGAbH1sQoN8UJpGSJ7n.68yQO8FZz.8pY0XZtPaBrxL8pBmPgBm', '2023-09-24 15:43:41', NULL, '0000-00-00 00:00:00', 0, 1, ''),
(7, 2, 'Horváth', 'Katalin', '1976-11-25', 2, NULL, NULL, 'Magyarország', '36', '505678901', 'Makó', '6900', 'Jókai utca 3', 'horvath.katalin@example.com', '$2y$10$/AYGAbH1sQoN8UJpGSJ7n.68yQO8FZz.8pY0XZtPaBrxL8pBmPgBm', '2023-09-24 15:43:41', NULL, '0000-00-00 00:00:00', 0, 1, ''),
(8, 2, 'Kiss', 'László', '1990-04-30', 1, NULL, NULL, 'Magyarország', '36', '306789012', 'Szentes', '6600', 'Ady Endre utca 7', 'kiss.laszlo@example.com', '$2y$10$/AYGAbH1sQoN8UJpGSJ7n.68yQO8FZz.8pY0XZtPaBrxL8pBmPgBm', '2023-09-24 15:43:41', NULL, '0000-00-00 00:00:00', 0, 1, ''),
(9, 2, 'Nagy', 'Mária', '1985-08-05', 2, NULL, NULL, 'Magyarország', '36', '707890123', 'Csongrád', '6640', 'Dózsa György utca 20', 'nagy.maria@example.com', '$2y$10$/AYGAbH1sQoN8UJpGSJ7n.68yQO8FZz.8pY0XZtPaBrxL8pBmPgBm', '2023-09-24 15:43:41', NULL, '0000-00-00 00:00:00', 0, 1, ''),
(10, 2, 'Kovács', 'Péter', '0000-00-00', 1, NULL, NULL, 'Magyarország', '36', '508901234', 'Szeged', '6720', 'Bajnai utca 10', 'kovacs.peter@example.com', '$2y$10$/AYGAbH1sQoN8UJpGSJ7n.68yQO8FZz.8pY0XZtPaBrxL8pBmPgBm', '2023-09-24 15:43:41', NULL, '0000-00-00 00:00:00', 0, 1, ''),
(11, 2, 'Tóth', 'Anna', '1988-06-22', 2, NULL, NULL, 'Magyarország', '36', '309012345', 'Hódmezővásárhely', '6800', 'Petőfi Sándor utca 5', 'toth.anna@example.com', '$2y$10$/AYGAbH1sQoN8UJpGSJ7n.68yQO8FZz.8pY0XZtPaBrxL8pBmPgBm', '2023-09-24 15:43:41', NULL, '0000-00-00 00:00:00', 0, 1, ''),
(12, 2, 'Szabó', 'István', '1977-09-12', 0, NULL, NULL, 'Magyarország', '36', '700123456', 'Makó', '6900', 'Kossuth tér 1', 'szabo.istvan@example.com', '$2y$10$/AYGAbH1sQoN8UJpGSJ7n.68yQO8FZz.8pY0XZtPaBrxL8pBmPgBm', '2023-09-24 15:43:41', NULL, '0000-00-00 00:00:00', 0, 1, ''),
(13, 2, 'Horváth', 'Zsófia', '1993-02-08', 2, NULL, NULL, 'Magyarország', '36', '301234567', 'Szentes', '6600', 'Rákóczi tér 6', 'horvath.zsofia@example.com', '$2y$10$/AYGAbH1sQoN8UJpGSJ7n.68yQO8FZz.8pY0XZtPaBrxL8pBmPgBm', '2023-09-24 15:43:41', NULL, '0000-00-00 00:00:00', 0, 1, ''),
(14, 2, 'Kiss', 'Ferenc', '1982-09-14', 1, NULL, NULL, 'Magyarország', '36', '205678901', 'Csongrád', '6640', 'Kossuth utca 25', 'kiss.ferenc@example.com', '$2y$10$/AYGAbH1sQoN8UJpGSJ7n.68yQO8FZz.8pY0XZtPaBrxL8pBmPgBm', '2023-09-24 15:45:08', NULL, '0000-00-00 00:00:00', 0, 1, ''),
(15, 2, 'Nagy', 'Éva', '1989-03-02', 2, NULL, NULL, 'Magyarország', '36', '706789012', 'Szeged', '6720', 'Petőfi utca 12', 'nagy.eva@example.com', '$2y$10$/AYGAbH1sQoN8UJpGSJ7n.68yQO8FZz.8pY0XZtPaBrxL8pBmPgBm', '2023-09-24 15:45:08', NULL, '0000-00-00 00:00:00', 0, 1, ''),
(16, 2, 'Tóth', 'György', '1983-07-08', 1, NULL, NULL, 'Magyarország', '36', '307890123', 'Hódmezővásárhely', '6800', 'Rákóczi utca 9', 'toth.gyorgy@example.com', '$2y$10$/AYGAbH1sQoN8UJpGSJ7n.68yQO8FZz.8pY0XZtPaBrxL8pBmPgBm', '2023-09-24 15:45:08', NULL, '0000-00-00 00:00:00', 0, 1, ''),
(17, 2, 'Szabó', 'Ildikó', '1992-12-01', 2, NULL, NULL, 'Magyarország', '36', '308901234', 'Makó', '6900', 'József Attila utca 6', 'szabo.ildiko@example.com', '$2y$10$/AYGAbH1sQoN8UJpGSJ7n.68yQO8FZz.8pY0XZtPaBrxL8pBmPgBm', '2023-09-24 15:45:08', NULL, '0000-00-00 00:00:00', 0, 1, ''),
(18, 2, 'Kovács', 'Pál', '1975-05-20', 1, NULL, NULL, 'Magyarország', '36', '309012345', 'Szentes', '6600', 'Bajnai utca 5', 'kovacs.pal@example.com', '$2y$10$/AYGAbH1sQoN8UJpGSJ7n.68yQO8FZz.8pY0XZtPaBrxL8pBmPgBm', '2023-09-24 15:45:08', NULL, '0000-00-00 00:00:00', 0, 1, ''),
(19, 2, 'Takács', 'Zsolt', '1997-10-10', 1, NULL, NULL, 'Magyarország', '36', '200123456', 'Csongrád', '6640', 'Dózsa utca 10', 'takacs.zsolt@example.com', '$2y$10$/AYGAbH1sQoN8UJpGSJ7n.68yQO8FZz.8pY0XZtPaBrxL8pBmPgBm', '2023-09-24 15:45:08', NULL, '0000-00-00 00:00:00', 0, 1, ''),
(20, 2, 'Varga', 'Judit', '1984-04-17', 2, NULL, NULL, 'Magyarország', '36', '301234567', 'Szeged', '6720', 'Rákóczi tér 2', 'varga.judit@example.com', '$2y$10$/AYGAbH1sQoN8UJpGSJ7n.68yQO8FZz.8pY0XZtPaBrxL8pBmPgBm', '2023-09-24 15:45:08', NULL, '0000-00-00 00:00:00', 0, 1, ''),
(21, 2, 'Molnár', 'Lajos', '1991-08-22', 1, NULL, NULL, 'Magyarország', '36', '702345678', 'Hódmezővásárhely', '6800', 'Petőfi Sándor tér 1', 'molnar.lajos@example.com', '$2y$10$/AYGAbH1sQoN8UJpGSJ7n.68yQO8FZz.8pY0XZtPaBrxL8pBmPgBm', '2023-09-24 15:45:08', NULL, '0000-00-00 00:00:00', 0, 1, ''),
(22, 2, 'Farkas', 'Mónika', '1978-01-03', 2, NULL, NULL, 'Magyarország', '36', '203456789', 'Makó', '6900', 'Kossuth tér 8', 'farkas.monika@example.com', '$2y$10$/AYGAbH1sQoN8UJpGSJ7n.68yQO8FZz.8pY0XZtPaBrxL8pBmPgBm', '2023-09-24 15:45:08', NULL, '0000-00-00 00:00:00', 0, 1, ''),
(23, 2, 'Balogh', 'Ferenc', '1994-06-12', 1, NULL, NULL, 'Magyarország', '36', '304567890', 'Szentes', '6600', 'Rákóczi tér 5', 'balogh.ferenc@example.com', '$2y$10$/AYGAbH1sQoN8UJpGSJ7n.68yQO8FZz.8pY0XZtPaBrxL8pBmPgBm', '2023-09-24 15:45:08', NULL, '0000-00-00 00:00:00', 0, 1, '');
INSERT INTO `users` (`id`, `user_role_id`, `last_name`, `first_name`, `born`, `gender_id`, `img`, `img_type`, `country`, `country_code`, `phone`, `city`, `postcode`, `address`, `email`, `password`, `created`, `modified`, `last_login`, `wrong_attempts`, `valid`, `verification_code`) VALUES
(24, 2, 'Ódry', 'Attila', '1964-03-08', 1, 0x5249464612920000574542505650382006920000709e029d012a3402c0023ec158a34e27a52b2f2698fb71e01809676e28f3eb7bb53e257f101a886248f5bd8f7712857c354be5f43b6f8a3e7cff8be32ff3bfb01e5dbd74e7c7eefa39bd013fedfa35fd83d187a4c3ede51a3fe5cf982f209ffff7ffb67a3ce67cd7fc0ef9ff48f7defea7da53f90cabfc0ffb1e68ff62fe619f7ff93c2dfdbbfd6f41dfdbffddf86fef38e9bc5fff95e795fb3e7fff03ff03d80bccdffd1e339ea3ec13fa97d61bfe2ffffe7bff6cff97ec3bf9f9d983d2cff748b757f0afe73cd18e4caa35ee60f9d5c407760f912f3165cb0529e7397c5451230f65db19c9562bec30d1bb88db17420084e8cf7b2e3643a232d7a8cd075817e8cc6c19d117d77bec7369d7e3da90744c826645f20a21aff1634d9017d102f8b15ba7f8d42f10fd750201e7906b67af3917716fceab6f064d1af3bf570095563276600d15318e947c513036851d2027b42f9dcc79e2f91946349c149713ac7fe2d776027d7622d8140ba579416b2acc49f90af796e7d3868d62988e4ca674533d515766abf559943c37439b9c257d52c69ee2fd998d8bf6ea62f5b0d86ff83782a0d5d228267934cb27772c406386098ad80edf0d5e99635d007eda9071b24f71e32a8e5d2e3ccb4645af1ceaa694527e164b4d0ea10ee023eb2d7b38c7d013b6670ca0aa2a7ecaebb83fa911d9e874f2bd278198d9609bd69b5382840eb05ff6cc2266b99ea9145911c074bc567aa53cdf11a6bf3e2c81f64cc0db8001970f02373c08963f632c95fa21074d15124c91d57c7c96346c1de2213c4be020010964eef79105e91d38457e0679b135a0a8cf6811618fbead4ab70a51c8ff095f78e9dd75c93d4b4e234983e19576c4ba8b9138375829727769b0f3db7978b2fe1b01feb96dca0ea43e1b2d32378ecf12201b6cf61723bf8f14d35828f559b34278e8a113fd7d49afa5579f57b07899de27f426c8f686e8c1b98f7aa1631c1f7bc008001990fde5ec0f0a3692c3acf42eeafe073c1e1a0b06925b582d758986d1ebd74f43a7b2764f7ac47eec6a2bf6c3a9678b8c949d050092537e5f75c67c5cafcc2fd2656e3afbdf13e87c4a15cf2bfe37b1f40ae80d119bd021340d7f565ec9acb263491fda231486d2d6e66d7591416dc6ae6f4bcb6e3f792d2e8525079cb971947a41720afcb0767838d09f60a5198e893098ead0485261eed1ff2080e3c1c1de0785fa4aef48cf703c2268389467daf7cff6e3898fa869cd4360ceec119b142be2c015083d7a126e377a74aade33e6f028b6b87eebf9aa0ed12a1b85d313143bf64dbda416377a02a63ab519c0db5594f6cbe6666ece80c7c9c5cf3e1dcb156f7b4a27aa3bd06b9f704d2da23136c943c3d1774e86969eca41ea02dab757f0b964907340f6aef2583f541aa852a01e023b39f8c493d6cf20f2d24627e0284a9cd8d3f3eb9f90fef263662d5d3d73ea44be418290fee8a00efe5680c74635f7289c437b43b724dbe850d910f37d8ad9b11dda209046a8bcecf888a8beaf4e0f0551869ecbe1f31369d7e423a299f8faf49c6a1c47613711e9aafd5165fe71874aa2fe5ad92366f6e65b881632e51212a4abdb9a9d9ddda5e55f0609139c42069d66cb7cd6b4e3e3e7834ee2eaa35e995cb953403442994af2d5dac7e074917890d1d314ab605c2627fdf1e119f3c2401f89a3ca9f4fa3e8382840214641fcf20ef90493ab7b34b936f55127d06585fdea92476fe50c6d83c47a77f9a94ac63e689ff062cf40d74809bd654bcf66c7a877e271db2c92fef30dca117eff33b99f7854011746377783c4775ad2c119eb166f087db3ccd8510d6afcaed77273e951af0436b378276ebb1842d06c69093fb3856d39e2a27c40d39f2101a41ca0fb77fcdc541d4440b1561c29b4f8781af1540274a3ca054d35ff425ce82ed088e25165cbe05caefe1661e1607380a70a70349086e1504ae9ff176687504734e6cf72fbf58150dd98c356e50fa0a54584ca88d845f0b32611cf00897e5df7d606bc5be7579c6922c955d5ae11df0a1982c9b6fa2089ff1e9863f60881dbe8fa427176637d5c7a1d8a61211136aad5a21435b3804a4ecefc780d17265a67bdf139d74e1d30345df7179acb0ecf6b47007d23e009d1dbb5e4417a649444e32e00c748d352e3d240b6a6323b1cc53914502c2af3115ac4455dcdf544e8308b28ccb691cf88c90e9edde0e97f2faafdd24d2fcc59c6fed82ae19c287524623f97d7a94319259246671f4c7b35b72576dfb77930e3f6e74862b48db43cff285312df49f1de12782af84ffc40cf0884ea60eeb6fbcb17dfc148317b12d8ae46011bc9ed3c58fe51ee241e768879c1e21791ee142993d953ecacf90688386b67df2dfa1a4eab10d518324b7a6410303ddaacc6bceec4b4e7385a4ca3d9b688fa9ad3fcbe090ab109369242149564c637fad5bd01f112d6bf64564e63eee8c307e10df0097d3e6c4152adf7691e4a2c686df8bb963eaf5eeafa0818650eae0cc3021eeca68c2eca806696f709b021c4791edd3eca49e364e8f5ebae246a0cd249ef3b0984db463aa13111dbf5de2dd15f32940936fe3791e33ed20f2f2f4818c974b8bdb9d5f78ded0b4e7ae3cf2a8a4c810ac6687432edd8dfd9d7878ef8fe0fffd1e40dec5fbee27af381c10f9aaaa46d95094babded51f631a99bd4eee139380e8f8c483ff351bcb575e13270fc82cd9b65e3f8bb5491a6772cddeb58fe4987c0521d4c7a3c39f5c2710de530a995e39eee7d39be491e3a2365024279a5937d0812dc2f94842a307916885266cd6ccb8e9b2a2d70fcdc1bdedb3b11b3c75138e50b181b148e204f1fe2b7d0089b162a61ad9f981b5eb89eab7536d4ffbfaf10671036979fdf2b4f85d12688ef4cf81d3e2a5f7a5a087d7597a0259b196273c611f0abb2aedd5ec6c6130d46084dd5557d4643f4500d27b1c108b587f8ff5a422093d8d989db27325079f7d3eafa5244743ff7746d3dbf5f76cb6dc9caf550a70d82eeb88b1a9ae1d005045fbd8b31931061dee03b7e412b7fa0c369f3761a694bdd680a66e248ac8a84c54b045e8d6068c88037102d70722a299ca11f7deea51e87edbbc4130633aa0bc87e8a421649daef70e219b93983021aa6e32ded2cc0cc5f3ea184795a12179c7bed66fcd4d2fee86b05ab8e899898e11fefcbed328ded618f91f7a8e50279ea078dbf6168e7990fe0c7d9bd0b5335daac3bf391fae566852945aff5cdb93e1ad14f64e18a31d1e398666c95e70a01ae3c61d825c7aa99573111ea1ece3f6ddc2b8e808e70d3aafcff803566c617eaa8897e051584902cc45deda01a8259db9e5ebf55f6ef5399c0cc75440df7780c378668441d8988fade49d979b3c66586a6f629ec986aa10b5eaa594328e3abba0006f96f36332b91b8c3b8bb63799c8a266c925ec604091e23bd1ed27bc5ca361d7da25ca1098d4a9648bf605fdf0a89589c7626199afe2e3d2b7c24700ec0907508f79b4b464c261268324ba576f3ed14ab8bbbf0c913c46bf083d813fe95b6f56eb5411c4e678437f3ea8b9d22c0567ca79e55001bb172a0018efae7058fb3ef927e9686c2351c589bdaffa33b0152e5fd37dcf87142a007d1ff70cbf1cc21e3f71c9b5d37235b2bcb4206e4735351bffc655779a9bca5b467b86cf4e8087b15a855ca97b073ec7d7e7086629474e668bcc179de293ef0db39daca04c9c7f3b83bdf54b0e04e77883adf63e4a23aadc492bafe4f5eed019d94a9e5ed4e15a4002739ad602e81b875a1d1ace31ddab2ec4f54c29081e5493ce13eae315bfa681b41fe970756d8b350a2e80f931b4927ad2bb72b1ea5ca6fc5a372c28d2b556638a71fb927f46b9776d0eaf5ec8f86303a3caaf11a205f1879bd7e2970b62d0a65404a9190f1ad9455c472562d7794eb1c45746a64ac2db80b96e32fb8676c2b04a8af6048e6319bebaa3836758a113d8982200029486a9523633b71b2d9604920a8e55a61f696465d7b05e5b9ea265909b761d9d85da636107134cc573218eebf65af2eccaeb95a4d7d11c0feb76f8520b31cbe2ee85231aa95f4df3452fb3dbffe5143c4ffaee74bb8c752810184111600402c2e4d03f363f203196ea6ce19310198bc8e3361b7bd7b4ef52ffb7fabaf30b602ecf744f254feb7127cefea2658e52fe64464a158fc9a2b5a080ba51b093ee1c92698f275e3dac414b0f08287518f2114b88169b076196d71790bcb57132a2e5ea1bd1635a6a5ceb397a6bf19cb39c7b6f968a271a750d24a744c7f4a7669e3ba33233e100fe331995d7a4d176d3aa3aa2ee95118371aa3bee549772b32c09baf5571b41ff10566f9784c0ac2e81b23ca145ceaa316d669bcf3adbc145fca0c658bf1d7e26c0e472a7dd2951fb9ccc48915a44e5e2b4b50c9397833db160f7d3c008541ae065641eb9d324d1b2f365bdd200963f65e4803b322992abd6c6443dc825b0d62693909c2b1aad4c4f1342f0e7160ac55fa95109edb2a5139d5b1ea44b2adecad8e9bf2aba4db9ea9bf1b8c1ca28b4c56bef5581e9c438eef5c8eee732a3d264bfcf564e9c783b7971527fd1f1229cd88041a8b2d65c6a8839286cb98bf9ad4c37ad2a6c99a9e8d451ab99848773fb8d4b898755a40b7249deaf06a332649b7b1d473bf4ea2f630277525cc14ec016e9184061b4f79f77bde27bbd23b9e721dadb47b41f098ca085876ee46a0509a4ad56991c3c9d5906a1b9dfc02293b4587d6f47da365d1743ed24d401724805492790d9ddf68c0aa75dc126bbe3d82a6681e6dc9e8334783b3576f75b07aa13bde91bf91f962fdd89cb4e1fad692d5be8e917a087c2c785c425f59eb86ff9f6c78d39317056449f0be13acb17fc289a0ae01ca760d7d158ec6bee36d6d6bf34a7c318007b05e66e0c26d407443bf964695137e171a84e5b137b4e48b1e2081471d821e7ca7161d712babfa09effb17be08a4bc65a303cdf763d726fdc632e51979767b3bf3d895ea052bc3192bf62ac99bd5ee5741d34d866f4ea48f79a8f0d39a60378983999b458483ee45a0f6b22528b7a1fdbb070c9f45050f92c6943d97e8573f41403bbebbfa6558079b60f6808eb4a01263ccb79b3a0683f8f44fffd0c22436b79f8c4c40f38565574561f018c8ac3d4adb2215808d515c04c7934c871d99a0eef30f90e8ef7fbce8ef22780d66edb799258689099e0d99852be7feaec7863fc57f9c3b926839ec8feff7a1a86d312818686db214a46cfe2f09d87deb64623d7066771a952c14ed12ba969b9241840203e52ce01c7ef4af17e9abe34e999ee9bc639bf365ac436279959bfb87482eaeaa90f68da47bc09b371301ffcfd3e75076dcb542c82c1053b3dba73b522af39f10ace17dc943e58569bd3a834ecc4ce530199eb9df7206e210ccbbd4d195f4c2ff7019597cb37df0a9f8b0ee6adcb5f05e5735a752c0aa526177c0e98ae9d3f3980a9f70f60a0159d2fe2606ecc1b8b239eb7c5c1d7631bb33f4811bb7c74128c1e7fee8426da4c4c0ece63bbc0352b4c01e5819e6a0312573d6ab386efa23c51e12bcf3f15d489366336668f0df046568132ebf41dc3410afa687cd9a05ee6f7e10c8dee24cd29f1d9adfb451e141ebc5205f9af3355e065998e490b34f3433ad5f7a7b982aff86844f1dd0fd6b57206fd1e96f246a20cc451958f1920d6b96532839d2aec4ce6a02ad58da39b2480768a2ab63dbb18c182f88737d541c6e69121b034defa6b34006ad5b92f128318ce192745f7d39e299b1f88cc28a45a3bdaefd0cd775ee8920a7877453d452fcccdf7017a72e12295dbcadddf6becc9ec39c3bb437440c7c43b1a18ff5d75eda7849dbb180587d596af01d70b53c2d1db6700c9bc4bd5abff9cee5f3fee3ca3240f6a20fb739084ab6b1e68c34bfbbfd562b457cbe28761b9a7998463562faf13ba95048d3d9d88ea614d0f4ac8f8a501fbb98a1382578ba6f26ad7f7d927d5baa466f66caff8cc62e45a451991bbad080ed8dbbfd03d96005c7645c88c69d56d8f72b9506e5a2e06b61904cd02bea28543e99bc1a90b213a14d811dd708197154bc3f9ed4f5ee6a0d6b105deb9c9d8051ae6e88231b0a4676f8fe51e3ee38a608167a3ed63865c0d63f9f15d691113d49e6dac7392375ace7e642198ede6256f20a5f56e2a892de2a26e97d2894a68671719458fca26efb1a263ceca42bd1c4a2f3fcb1cf3c2551bb577880fb125ee858ee3dbd16c7afdcc04a2ef27ba7aaaf1c8e3a9bb8456cd03cb745a001564d8e65c6b0193c948a9deae4553bd81a53eed591a870902c9aa4f9b9becc6f77dbb6e74675a2bc1fb9a0537740115622fde2b1b75201e10b1c7b228aa3e70dfd623982c7eabca0cc2ae0bd72814d64c607470897e511cc69b56450d58197e0c86aa723aa5501473602fe6ca0685510a01e804bd26ba7cfdcd659ef473abffa1be3fde2402c9dcd714062940be0beaaf36c9996a5fe0243d87d809437f6e8694fcf77fec1b9e275a859c6ba78dd53c63b0b38db7a43eb59bd4fceb89592f6f54458ca1f5c2d83b70cb39dcac3de36e9c650c8e5df1dcd8254fd60db10d525434bf7d2f77dc8397f2a7c554029ec09489cb56bcfbb1db5882a12225778d97ed8bfb3fe9498378a80fd9a8c8665049d21aca40e2d63cccaa5f4fd8ca3479a964f5f6f8f4d357f3115eef9fa4e8812f2050dc93e4b7eb0627726a8a42665c2de7fac9981d2f93bf9901d51cacafee08b31f797d5e1d8e6d7b1fc0e04b61a32b725bd2175a9ca2a0ee9e8faca6d0b8c11055c4c59ba36f9faf004896bccb7738789a5bb99d60679ab04091de24a5f5ea7be064f25dcf48f1a9b5329757a06ba5c46e7a58b1a0250e7a28cfd4e0809ac893d63afb2a2b8f356270454507bda60b62408e34bedbd93310fee2646a75dad896f23b1485f1f673b27382d721e73da39d15ba8dd95da9e1158ed6963fc1b6b2ac26fdb685da2fb659bebd62e070ddbb723d598ee780d7d4b322e151e1de6711bd07994dfb5bb3a58bcb75668aedf9cc1600be37210c14296e9e530c0207139406fab4a4b630cc03142518fd7aaa64a2808b06036082f1cd1581cd7dbdbd19a9fd3ebb75ad169bef362decb52e99c7d446ef1e5aecadb5ef9046562ad41eb3019edbf84d4504f89aa58304d418675dcd7a28f0e6897f37d6b460a6d4dc5dd44902e00d40d427bc0a74dd695acba2c50533962ca3dab084f5b856dbc0d104e42a8a6036803c886c7cf4e17d6ff80b3e7b167216a99ce41c7b1ec474ef8d0fa43cb95eb5f6733a2130e383d31dfbe36af731c1c551c44576434afc26a9b6eaebd67b5fa78bf79e1c485cba89d95415e21336d9a67af1ddf45c03430a17d19de7d6c7ad9f78d34b73b333b818ab2a15b84f8ae77c520509266fc2bcefd88fbef0c688caa382da56950db3160de7fc4f5e8171693cd1f63124174511ea8ec31d32f165a7eeeb117b71f603344f127fe448409cbd00e5fb19d09670ed1d878da5a10cd5174d43121e633245c9e67f45295f7bf51afcd8aa5549159f4b8aa3d89e9a10f5cfc5a000fefc815a7d935263bbe4801586097e65e18c98cb83cffd6e3d984277f1ab7b0c4ebcca87ab846d35085afa01eac3de7049fce52da9c710004aedd8287e9897391758a9e036dd152d1399826958a85a13aad9ca7af9ad0def0ee442a7d71410b9e251b65d7890296be394eb77c8a7e4e53e6cdaa45faa881ed3e7b5717f12cbcabfa32d3c1405a814fa1bc75de8e5daf8d084801c72d63f35bdc377b0a894673adac2176fc0ed03af2f6b49fcb690dc18a916c26e6e792ced4ba4868a16f75b0f47045ceab5020e6191182831f912607c04396df37169c7bbe7efb6498dbc4796b9ea47a1bdf8ebb68648c90b7effd3239e9bc52f68f7c944c2afc157a72b49f99e7e2b8f887022427c378473b79adbf96c64cf3092669d8034bebe58f9de582c686d51760a0c1238556672fb04a0ccb600c42097d9a2f665753a32ede99877a138356ed30e29d29ac89828ef2895b3d0641f18b9a835204bf6082b1de51606cfc651990764c622168b5cf34b7a00e75de5f74d83596032cc510b94fb284e64c1c72654d2c334a2ddf6179be6b8b6c28182f8692bd0bf946772cd5daecda1ea57a0dfd9731d63f1ac74107e5b4286417dae43f68ed7f915faea1986811cc9ac3d634b1305436709b77768654602fe3fd64e326fcb731d3ac6d7e5127084836f7bad68b27abb75ff666aee158c072a76aada5bdea24fdee4f0f553f9408c34d1d2d2c794d7f66d9a66519fe909b7ecfe714c9db6c4938a4a5011c194dfa2b67a21b62da522e932d4449c6ed6b7445b296d4af7350235ff04373c6e56dd13db42cb31b892b0ca82248a9cec50c9d93d1285bd036dec9a96cbd6327c765a2444837da863fbd7d5c6cca26659ed9f690fed5976a18c005a3b48ebe527664ab14565f633aa663014e79bf5ac45cb03ad104ee76a023bf4dfefaad549a3d230ee41ef938c8825da07d07f2ff358a037cc57378d9caa5eb9236b08a3d4dd94bd78c3152c329856444c68c8722456c72cba572ed67bb72171603b432dcea8aa63487c33552752f45dc6fef2e18a04dab5679f74f2e1185a04772317698665bb64282d0528a05a08fc42243a10c42614d705b876460c42285270dd37f52a3ee6c5bdebb51ca118270e7f43cbd279c47d5953996dd19b8df4bc663b87c2d3df6d45fb66e5ee0817a76cb5939dc18c66781e9aaa896f993aefbbc4b9c1fad208ab4680998746cd7cce06ea963e27f9429c45507c6a045b879fc2930daffe4fbbd9e1335779f71d8f340905d5a2fba4880b5d83afc407a4fa1241af6785ed542e4e674777ed8195f5b65f890985019cdaec7ba66caa5ffeb552a6365cadc8ad61e40d2209eebe0dca577b5eeaea54f076a2b49db3c907156bb3cf04147ce039471de8c608aa4ad6e726c09d5e834bbaa1be69d156bd4139686b7614332d6d51ed279b9a32e1766bb6d8f58eb71105699155f7205ced2a1b788850cd3a240a80b340a84f8dbb93abb33e459a28f2b38f445e49f3b4ff1d92da7ad788ab58658a5094c41a3435cc7a38b6d38cc4355c949889414b08ff27bbbbc836f68ec6150e3501f03a1db2af347f47b73955d05b0a68bc368293d4969da64636691c8ca4667ec3518f14e300c984fac14f11e772b490957b5793ddab593eef87f4b95e185c2fbfee423886316f2c148d4550856b2e72e99074c490cf1509f0d0f6b8767fcf8e6160909c5198f84fd48bc6b79695b28c625a17ce6ccf0da2ea003ded6d97b7fb235557ba9db613ebc53f452fe1c30fc2257dc62699fb64e66f6102768c909a8fbcaa72f8169e0b0e1ecd7b0b875eb087f03f9782b196aa64506a2bcbe20657055bae86447662e752b52644bd314463458e83a484d577e53208158b54504f53d1290e22ec3423ec687519fdd5e4c956de3ac44dd670b0c8e4534cecc2e67d6be653abf556b10bfab1ea3468b42225ef6d8a27e0489b86fe17c1976bc97e9ab49166f03f4856c1572783f0d670dcc0d1a052c3001c0277c266fa0818c064986e733a61e840d56ad010d86be264df4cc21fa6a299844c87634a751502900a357845bdfac9780c102a5db5e15525b8289753874edb23a405ccd02176a156005a529a768d961c59e01beb249d8bedc29269e732724ac31364163ceb207035e36f7e98a93465806f2071399fefe1903d4f112e21f1bbabd79bbf0b22f6f73d724b9b17210ee7f2e91f53c4e2d5f55da943f62557e67cf096299710bcc7300265b762e76796c5d19602524815dc0c2bc6d242e7ad2ac1ba33e9b45265b88a2b25bfbbfe5ab867d8de0f314fb89c7869c7b40cbf973d606722e25fb1fd990e3c45c2067ec3d45d3d563ade82891772fa614b6d237ffde6ff24b93b76cb80c034086657f1a010a4e31169301f544d5d75eac1eba87629be142839c98d14b91c177cf04e7fe0f58a7339c7deb1f4f8c21f4d1ac94f865566f7e0dcb2862b8603117972a5830db6f36cfd96eb4914b70ff44ce9cd0d0cef7f37bad638e88e9f0c37127af437327d2c8d7c0dfc3e49bbf8db0521b81c413ce67b3c3cbbb343977b06018429cc61f22a7dd9b5e1ea09557f1c83373ef9d9527e0048c0f378028c5a535ef8487594b5c8a2daf4dae7d9a0cc747e27d55aba9faec343a4206da2770f62a785646ea8b4e3acb231cd876d5ca4bad27b6ac361ff01442b731e6cb2c8c99f6b39cf10deb3dfc39c54d94177cc4e5f782b376cd77cdedd0203381d83fcf6b00a05c79d421d008aae7a43d1b9c50924e7a12d786df80e9a687a70ba1730dd8a745f234c70932b421fc9f1f0c54e4c0b0932883b4f4df05b418dc860c490735150703db16f888595a3c92659448e9c0a6196d2d5365ec10aa875142a8ddd83535209db17cd42fb661e89d8bce27bb67e126a812aecb8a7699d0f58133fbbc7a90c64e0b3b1ff305268285bd8caf11678ae09da338338b890e4f35c590367d7a8c3ebb565965f1afd0517dcea3f6ce02a4e596eb63e962b94d322c65edbbe8f65a2f8f25fcde01a1a14987b9d659649a0386ee85e30dc3f0c77510bb05a810bfa03cf79226ce193b128b10f3fb7484a329ad4123382aab63e6c9be61512a3147a3d19301222768479ecccfbb4fb475d28c7913c8ccecc87f72f60e07279dbbf1f6291734707c03def357417c5360c47df3085afcba564a677a596712ab2ddb53a27d6b87a1066602e36ee89f0e99a94c1597d27f808b7f8241ca15eee6627b845a2519ad0973215764e7f1388401f916cdb0db1969400a7171becca5b26977ef54a1f2082b99b87ae5490525c003000038f807a67040ad76a64e598f24a66f008bd2fb1ccc01702aceeba999612f046a4940cc6a3386f3499b52d5c92af24dba664a7b87161a4a8bf0d3efabe18dba524e9e8973513114a014463068f528623bcccebe74df689b20a1294ada387b5b8e7726616661c94d62682ea3dfd0a635fa1aeddf52be7d8e4b6098dbb3cd6846293e8e346d5d835779384ea64103c99aacdf5ecd25e37b58ce28176a0001b74fa6dc0295b860bbbbe9fc7e501816dc85dbdefb9ad1a71a0ab7b6ca0f191ab6244abbd27095a07726db743361fb00492f9258fa761af5d4be7e566430d4950b4c9fed4f25666b82a20904b817e0b68469d4cb13b6561d16ea4e09578d5ee5d68ccb28fd7522ebf0fb39cf0cccdc40c6bc8f9af9c29fd6d36ef1cc0217bdc5602e353192720392332eb075dc166e1c4ac614e483464c44bab3fa4508a6b8c560cd44c0509aff3ae1fb7b47c3d2b6039decfd3ec58d8015cee9601b4ac345f4e0d4ee09674aa9dd29605fa35dafef0a2a2b351568c0ee96435af25b15851fe1316a279578cfe87f398b6cda23825b9933c903d9b6b39980c550c281eee2769385abd76e5348d8daaefd752bc0991602cfab28e1ac27747ca897be5356421dacbdbc6e3aa6514ce76be296310c739bf4474a07f09a7c66d18d701ac87baaf6fea2860526e825bc253c5db236b2976dbfc682466ec1970ca8be251f35ba23f9b408ce66384c1ebf5f133afac0b095f30a99cc13efcde4ebcdbcf787c3c8c7633d592e8aed9f9e5a41faa9fce7c195c4aa8c84a42d242cca82e06a07086fb39a4d717c9d03da1cdc78519c513e4c139800fc3ba9774df0d501b8bf197baac412af63bc2e1b55cad6692677a48e72672b59467cfa44d9e7ef04df6d848f92421c52d6042e58d793e01a5f1ef32ba095341c0866e0778a47eb0fa0a09b6c9ef19e536e03ad7dc2c7da3914168211cf342f9ab2935ce418a12ed67eab4ca1660e7ff9d7f7c45580d08c8b7ff3d72e70fb12d70d57d5f263b1cb24b67d439a2b3bce1bfa9db14fb3f2027798c05042101cf5a460f132c5c0bf64e2747ec379e4f0b43988d09e1073cf21ee478741c46bd4431b4df74ec12d8f25775b3cab6c4d3fa7b02d76f388b164b72f2cdb2af326fa80d99ad5155dcc0ad0150c371c24f8239af2be663f8a043391c46717447bf22fececc6089afe14b1f4ec4a25097c5268970154f3c095af75951460a52238987a3e1152d9207bff4e6a021112f87f7fcd144b471476d19c9b6eb842c859e5e1cdbf3eae534a08b88e4c1c55158a55116f1672a4c9323783fb33330aa2838b62b7a3f54001acccaab4de67771a319336e896fcd71dd7ad0c6bfaad41e5ceeed7d97780e1b0cb1664916cd090de9edd1685044f1acfefbb811f91fbed04c08f3d54cf2754e7f0e8f9c764b681a028f36be1250e15504fb644b824bb3aa827bc58c2f64e5c15c763a5a77b173ddfa1da93ac1faec128d0bc57a4e2110b093d0c8c7e9f1a64505707db72c307a5e9ab6ead581cfcf6180606f4a06da0899bd2ec35ffd4eda2c378c2e4bc3c1eaa15ce17e5d3bbf298309ee0b9a9217f5d5bc40d7be288a69c0259f99f3b4db0cde41ad2d1a9a650f594c7a772bc8150b74dac8811c4ee64e6bb106eeac3665b110f4f455e91f2f760f6dbb2ed711d3801e01c5ae0ff7ac5e52a6b4365f217f57fa268dd8b6e8ba882c537b304ff73469ae99605af7df9b4656d9be20aa7742d49dd5948af5fbb0ae38408a65cf87a4f9fd81eb85f840c6e557d6bd7686ebf6face0c4823dcdbe68bbe356e983dd13dec07ff78c444efbd8602bda216bb75debb066d5b136df8c03476c6c1f6b7488c46dfd45897d8937e1daeb6d2d610769b38cc8991acbbe2a7ebf4c2182ab224eb46f4be56d7193cc6cbf590498218d60dd214cb7ac705ee40a0d6c44f5ca7f7bc81bd416f7d52dd84be1cce8ac747b0adc00075ac0a70cc8c9f338293b2313ab25bd195ad0e36954b4f9c957d46ad2ee7263bfec397f93f5a3d7efe19b46e1cf080b7aba661e69f08997c78601657df578642434482529cbd9163c6cb554b31ad88679d9f02d7c8e42d26e3e70424de206f8d78914f8f97e051addc12888289ec9f4cf2b209aff862b4aa5f90e97cfd817db54edf39beb21a69eed27167921fce30a077232b21c381d4ae45e04b09cc973aa4019c7e85081d7fd96b3d10f73cc7daa8a78e09de9c1434b3353f71904d5bab4d89cf5061110221aa231d72d2066a7070c4aaa97491efd72135a0aa2c3498ee9aa38297be5a7f3f91c844618b4bdfde2f6a14f58c90da0577d9d5b50582951f8221c141b7e54699158f808a3709e5b3a1eaccf77b21efecc3c96fc9f822227de00434b33eed63b533bcc530acf4fc9fa0dda778e380fba236aed381949a57800f4f55bc357ffcb1b0523c1a8fa8ed1d9add419d0e552bd08dcee2ca082d6eb0c48fb67ec216deb79e7ac3bdf975a52cdf58d9523db497ca5cb1d3809ef14164b213569a7b9e5997bdd1fadf4a586b008984ff39ca1f9a9dc2527591d24d0d7aff26396bbedbbea9d12c0a15583fa33b2f8a258bfb2e744bb68495fdf6e6bc6bba9ea1f5d4d00c74e6ab1a0f12a08f468c2687997b2cb546830cc614eac8023d8fc91fe9dda8593bf283041fa2911aeff23861f79a135a09a36faec14c66b46d5f7f8b49355d6eba35c9e81e3eb329aff86d9e78ea0e2e087412f692596f4b6b88a3ccaa83f739c7d436a4f29b69459c6feafe5d3220fd5230acf1753ce298b55482a989d56d7f52e25ec54bcdc19be2abc6fcb13116e8653943d4ddeda9e9b7d2bb5ba9f033e4e7621efda3e0a8576c321d65f9b7af5c2e91b549eb0d205eadbcc83437b0ddba210dd8334647947ec6f8267915c00cd49413630e2a132e500120d4f83a6f0f40e5ea077741fee5c81afdb7922b243828bbce0718f9dee31901b7d882970cd652147979c68ed0ef5a4a46cade732c38fd0eca81e0567dc8c8d0c8b99e16a269abe3df8c4ec52abe951ef03878f2ce70d1c177ff40e28777a59d49e796fcb335e111f6a700f42b7ac39220200a84fe50d9a2826a9cb455077b82b9df9c386a8ff817a3900061368dbeca1ad866405374b47d21d66b02a37177c1d16e4eca81d26f781c4442e8811322bb1a49b0405733d3d4319667b482dbd707c92922d5d4d9a33144d68621da9a6fd664cc1126f37e7f884215cd96c3a08debc85d5aad116cd990596f38af4d1033f30b8d1726ba417c3f526aba8951e418ca820ebf341b3df5127dcb4e83c0108ef8ecec036a6fcd59a62f8df430912bb7ff6e1279f1bccfbc6c667f8a55e2279414f3b71d89cb5a7ebe75fc15b892aafb65f8601cf21fc4d6ab5963c540f72f3a4b02aa11060b8c3557b3c5a6bd680669c2f5ec1e472484ad53f909cd9deda87a49861893d22ffa4da981b2b152046e9425def44bbf828883afb188fd1cd86dda2be5e13faad5fbe45c6586b7eb04e42670d518dd15d1b1fc0a80f6c3ac0e543246c74b54cd3db36807c8b07a219edc3573ea7d1bb2ee1cd98fdb1ce597d79ffa8d8ccc65855c6a23f49b9beaee81bfcb1ffca7b27e42f486e6fca1a9ee4ed4663b114ae5232b29fd89a8e590c09ce3cc2eda10aa56e0e6bde5794eb7c9570235803c410e8f4b1cff3b2c8c361c346bf454f95255c950404960228bbdfcb4dea66df58fcb17881e039d598f0d446bfb423bfc031abd450190731dc79ef7f06b1f78b13ef0ffccc78596e3899cb0c7bd3ac0397cb2799abc0f01b57ba5fee8b3291d4f19714df1d955508bc762d9a843779606251ee6cf96b65bb344616d280bc56af57afbc6d4dadd141599646789a919583eac02ffe354c12ec90b4bcb01976cde02cbeb78ed1070f11085f4f16a55ae8c55e8ad13b4a75af75af343cd65eb3b7b7ee862a3b63db092acf807a543e17cf8cadc9992b2b317bc5a9f354807cfb1c382bf63ee9284fbee97345127850dcd4af01ff077b6fe057336cf8add5c432c3adbc210c51136028608ce3ff2d18134522d8dbebc866e825c3bfc1838259a723210000021b97c0a284d4803c90e7291b690969869d8ba47604322cff8728dd3cea560a9ee827cfa61d97aaa9bc7b2a33583fb4f4fd42fb51a2bc0ed2a774bd1ca814c55604914c73d6735f8e829d16334b2ddfe21bedea12429ad690071854bc6b4e7b6cdf24db86343cce4293d2d0fa37e338678d62ec9bad2c74d7e810e10d6423538db2d5c795719ba531806b209a5817e03a727d4ec4b7b83654f82088a796df4b3029c991a3bc76cde0296a3aab6ed20e1957fef5393e82e4b2396ab0a742e992903e4628e10abe66f28844bf31ed0dd5654604731b6644f47bef7892baea9e0155bc69acd648b94df4bc0ee289b5d3f236a7b7d72b5dfff5d944db9872bd09ed6dd901f8b920885e5891c9d2e5554a04d1c997ee7f0cc3678c9de21e0397761ed0ff2b996a9505dc5e1a5b3877a51f2b0915d1b86525d05276dc3ed54cbf989699ed69e287ecd6b740794f4ef2aebfbf4b76c2853d3776c91830378eeead3b1d6388cfaaa7d08c6cbf129c2ca8b8158dd0e9129553257732172b52cf40e31b086445588817bf2e3a54b0fc2a387df3723d3ad71dd1e19e3ce6393cc4f9f70f998f43af7a93cca92d35e429b4274026294e746a5ae460d6d68c0f1427fbbf6b06afacf42d5b4fa0640d051066710ca0daf3aae2bd50ea5f993fed8a32ce46b400939f2110e2897caedb188e21aea084b7a7f0477112f86b69b455ac13730bea45f26cb4ccefac63e3b0d805c85ade6649bafaf1ab782cf4bf4f65331fe40f4444da7a4a059e6340eebf03e45d2a31d9e56ad22fd6ef04b8dc9a10dfc2b88b5d8d569a857ab303ca158fd4607baf2626b420b4cd0cc6e65fafd2f679ca16fc6f1be7f88b9052ea6e8f15eb5739f34261365c35ab484f0de976f6c0c96122eba5837f5d532d49f03b303b23d47b847c13e7c6c17001704fc3a89b60a8e1663ceae5b9b7a15dc3f49611b78ec111a9e3d60604797d278be8c6d3e50cf2d11d5f0d3844454a03f75c1be542164905f596105d22453f6994b4bfe1afc9c42452236e38aa41f56504fe36f1af149c37f29990520646d097f22b86651db87a98e2e0a7322bbe91ba0a804453c5bf47d636c508dac0c86c80343b9d0fb472cb7ade2a5b3c8517548c67153717579a9f68aa06080a5682021d9e362ee35cbb57eab57e3dca988ba85acd4c191e2e4c18dcd6a57180c463eeaa3bfa9c74bee29cceffcf338f29ffb12ad13f315bbc97e4838934341360cb0c7c8ba0b8b4d3eef7aedb46a6d200491b366d5df8df45dea6d060cddc6fb0465bf97aaafaf2a52e9ec97b7dd78306cb101efa3cbef3b5b71178930fc726eeed52d7652b32075ce45a36207cdd019d626f4f3f6895271b80c5e06ba96a0d4b34f3bd5b2d973a2f6619c0bc1b9650938c20319a5f0d4e72c7a1b8d0c2e86bf491658970d99122d98ae272aba512d3c151aa847ed27ef25d17e785fc9e547f3d639b548c7224a7bd54006f8064984b8d7d1983adc680e1dec8b4d3063c4ea8c47465786ac0775029cc6ec9f041d4aa03ac8a119417be21655c90a1deb08bbd4384eae88728fe3a1602fab8f493a920d1a4fa4814ab514914b2838ca1e71f0755cb2fa021dd73ae83f5e473f4c24c8b1cf39a6fdac1f9b36f6b4a4f7307e9d1da7c27b69b1b420d041be20285c7c18117263b92cf5b48f4146daa780613cf79c55b44e07fbd7c8449ea4680330ec1bc98e82b0656b89c8c778710354e1b5b72d3c1320c8b7a20a2d1bc17d6a7f50a55975b1c27f47076326a7907d48d4e5ec71c961e088804feb2b518c875907c121aa3fb64805a21a47a66a41e8a34886de6fe606fd2e4ba98789a23f394f3b4f9038f8b2ed72a1ceedf902cde438ed07257ce4c02249203dcbcfca5d5f65f0df08d24c41ab84a8c6f7e6dec0eda4822e923e1a218bf2e4f06b6f17787375f1be91db47d2e91bdd0c687498b7867d8b9f24051a07127800bf2e3a8651bcf65fb5fe39dfaf6e8bc159466226709bdb98858883fa41830e4f9639a00dd91a80b8d20a94bfb362606279252d3cc8c4986433a486d08352000c182d5ae21e28ce5db0867ecbe69b94f4d0377a03d37095d908a9937564832dca358ebb80d0bdb3dac2701bbba17c9685b95d63cefb9873aa581ca85de1c31e21c35608a95aa15f1149a625101be9f93f03587aaec5be4e34ddda78cffa2f7ea44599178ebe1a5c08ceb3d154f3fb94130a696c85e74eac7809722a55085b424c6e68355c609190123b1ad775e34381b798eeda85c957b1adcbbe3ef0684a55d979e139c0d143bbce18c79cdb79e5b5f448f981b0d77c1554448e38b846f14b9edad9873e63c37dd9623a6621bf596a89368e6a7b645b38f9a6457531ba22780966c0d3c343eb66d5beffda7ba5b5a69e1ac2d9cd1302383cf6dabde06f3ad8aa898fb332283b4a7146597458caa6fec50a89030cffff3f18d2ac8f3d0d84e0be01e5d003a297c502de4c4d78d10566dd9592b30d6ab5f7eb78ba588cb111d4b4922327a36b22c5e652e1c5663ec20eb1add1a7d2a90201bf8b7aa58e7b137d7fcb7ca6252784f7fea7665db682ed0964875172f2ea773ecde996305aa63ed60af03ac7290a5026bb1f2c0ec0c03524f02737fddaebab1abf5b0c9eea1c5371ec95699deff124b6f352ebec338c1cad1453da69fd3221c4a7227060dfff9e4fccf4348d20c3866ba966600b5dfd428c4f74b234899b0b1e077d905807e075f6f0b9b41af3be22b052a32752fca3ec1bf66254b4a4e713c20365aa5af0c36f701170c9d98b76e3b9ed09f77bdc65b5db09d70326d1a56d7b0408e132e813ce41bffc81b07071b6daaa470c78c350b09f6cbf8e6064e763bf26b771e5d9e2534293a927e833bc219bcb5d7f37eeece58c23b01b66734409a26e1ea1c89cf3acf791fda3b884a47e0b87ea14b82e2b9c6e29e499db55f04aaa14ba579aadd650eec25bed2e5b600af1c053a5a2b9396a54275e081a569ff9abb7506090c60a7784da7cf99287dfe7033674ce7e9698d818f9455ee298853347080057e32f19f28b171eb3846fb411174953a1f745d16fed4ea6b199bc95248cc6085eb077b6efb38f03a5a7e4627ef3a5a660a41821afb9626cb7d4446b70612fae1e66e6eaf0e57e4103095fff72e33b300d285308efbd2082b6191ec0202cb2aac0831d2d26b6e85aa1023e35cae70539b5a27f8d225131798a9346a76d19c9725d91d34c88aea4d4c0456f8f0457bab28a1bc81897ddc6298bdf7103facb39acf0f073a01df8a73533e20df1b11386f07877addb160d7e8cc714ada212a055a830755a7cd071a27abc82768c951e5eab9ea560625dfea06dcc18c6aa4ec915761b6c25c888595e6137111d89368720f57e248ea2f2251c68bb6eb073e16b37a41e0a50716372483fb9121234f3dc27a234e52253a8a6a8d762a76f8d15dd61c47b5cd8f026a5cd5cd176b7b7fcb36fa146fec6f19aea5f2d55a1246c7a214b0d93cf3091e86face364967681912ca133f0dde4f9174e1a39e00d64b2582b8b145e122f34c08a56232b9e6ed8dc51b6ea88bbd2cf69aea247ebea742128914d8be78942c30f0b8fc07aab4d1ac8912d7148a29c669f9ae036b2eff07c7febfdd1ca3364672aac92a1a2108c206295f433df583db3b78c9f28d5ac0f71afef2b2756f72c257b4826131d674af50089c663465522c2c1fe9aee0422c6fb39fbb0fb538faa6e8192ddf95cf1e09a84d49dfc02101a1b5f43160edcf0d4fb7b534ac483ae4ea1e6202beea2728117012bf606b8cbd0a31487ff55526a7ddb102469ab0322721505c7619e25381f6351ab50dcd882011d72404d3d63319f71dd82e83698e3a17e1e5e108882d1c189ead2441b0772a4195b65200aa99cb06f28d2a9b811d5cfed448e5c6c6399b392e7e225013fa240490852bbcb93092d1850f32b5157d6ceb6a7a7e009bb3fa29230f09e2ce963b55430cf7dfcadea7c73e2a2921d4b2cb2ae4c565d27c802bfda0546e008dcb4203760dfddfe36a502f2d4b94fa1f1e4580ad8e59a24c50dc2af869877fb681e460ef0a2e0a33f593cd85f9e51b6d1d7c000093e14fa35db5c13f9b376122a62108a3e1873074f3e341f70edb84de6d04ae7d54067886cda513bf9258bd4cfc66563ac0df42fe5cc3801ae44435801faf18512e468811e9940957300d45434114d87c1fa9363f04a03176b1381d9de3a5fec6bf32050c8a92c201a6433bbd19fa8499339afdc67a6e8a8375a320d1cbab3099aa1830c42120ee90bcc62ecaddfec4efa1c69062b0e9420b590531ef7d896c0c2dacf737efb8d9d4551bfcf79a23d62799f1d8d43db8ebfc3e79c6fe4e50168c677ef5cbbee11017ce606b8cda7a5801c49c9d7cc3993e2b6967f1eac6b1ff14fd95077a28e8dca9e2bf723567980648da3ce6140287ac15c393873231f8732372179dc7dba96f5bee7ac56cacc4c5a7e15ae0cd17143fd40bea82ce5fc58f5740622abeb3569ec4306e1552765e8aa8e769ddf73755361aa8681148dda39031042de82f85c151a0fe0c899f595c1c2a2f3891e1e8ef6fecb82fff5d439bc7dbd0ec5fb03ae648198963d9faacfbd3ce0fc1e472225b963411bd1c42c63ae3914310bb612c1a1f3df2a4c83b2f9a255cbf4e05c88afb8f400451247c27abda5c7219bb6e039df01cd00fdfb87176038eb5ed47d626c2414d84afa24e95e4679bf723270e00fe92b7713c825f9620ce61f00d0c78765bf9024b67d84aa58942999d7d5ded0e65931acf4c0e49213e4e20418839dc264032b1e5470f493e9d79017df0892275a4acb28730163825278e7fb1b5c73e7a16494ce633dff1441bd52fd53b22309be08c804c3c05ccab381398c6c58c9014923c91054f8cb458b47e69b549c8a6590d4f482df5f0f6e359c14e9f25444371fa2c61dd7ff4fdc99fd18fecf37b360c5e3d99f1153d2f98582fcd3e946064cf745473575ddf89cd0feafcd90ea545cf9e4df52a8b511c3d79ee941e103fcd4e1cc3ed819049ef3b615a996fe24406212d494230eb7d03e8dc53044a008b0e5b4f16c3df71048f7198aa3460da9997d702344e14a99f5f4f10c07e6f23c866b3546c11716c26e73bd37a17b31c153ed27de0265f46064e35f029989496f26fd3f13915cfdeff2947784036bb5900cf6803bb7558ce2b7b361a457fefc1b1a5b24fcae24250b2ceaf4440cd566620509a3a18ee5f773b97025e1a355fda583b027072f54fb35904fca2c2ed82369d9f2a2273de771c73a46d841c91c571f9b1d09498596222f5c527e4ed577fe9b360a130035714f52661943fe608c20bc4a19fd71767ff0dfedc52ec68f4470628aa84125c3906145689ca304c2b568d6f2a988e41a9de3c86588ec8f1d440133588e6d337892f46af9723bfe7cf332b64961b637a9c8235c2d9ba13bc3b8d352027756c842d2827b24285bc4ab8fa2f4b97a518dafd5e5672226e2db5c2f34141168f9f600684182b9e5fddc12d10a6e7ea6fcf7a4cb6a2f93cfd99700f977b3d726e88c41569b972a6858cc538c606c2261701dc06ed7ffee60a90d946b45a5fd3822d011a24afb986aa764b84de6da35430cafa1c1bc0d58e323a3592d75e6ffa1ff4d0e333f3378f80e2c13d50d5bc64839de5531e54a0837dca338a5728491b6e9508270f04ff0c610b534022bef2c6beed34d33a585809652ff888b1f19d846c06e3773addfa180c9f065a9a9ac2ec4927439ccca7c950d40dda21a5fc37268f9e727f7000073b2a51615e633126bfc2925d74508990d984bbe77fe64d962b1252eafce1ea9db179f3b19b08048bc252d0d5428ace9014247b27ae47c748a92adfba1ad6983c233d9fc72fb29181af5415abb36b4b124e519bab900fbcdc2a6dd54194ddd95f21e88e18daebfbf76e3d2172b67c08b5479b9cc03c6ca1b553ff7563be98030949ea0a27d7232399db0c8d56578bf275ec39222af2b387fee7f021c439dd2550f9b20195f69309209cde5dbf1c7194716b3f61bd4640e730d8f1d1952e95ac92aea2ff298f6797eec101b9a7f285057028a0e911a3662c78b71cddd4b0b59fcde4920e242c1343227c1844d37690d35390ed99a92a3fb00840e6f60153e84f895f4cbbdfea4c8862f85559f93c4bf448886b3062ab4da9fa1ca739b6809c6fb503f37ecaca2a7469054bc854073bffd45f48d713420c9a90ab9421ca25f0f333e182bd3d7b6666c30294c603adc791cebbca28accee2dce5d87c8b6e1bf4564b97eaaf4dbb9e02e01f962620113f6ba31b2768e830e98311a11d3cbef4da72509c78b4b599e7d35bc782e140396e4e4b3e1619b40851a048ebaf36c44dbfb932c3177dd9462c118f2ac2bf9f2576f6678dbb2f06f7cc3983effa1f01fa455d242fc505c88dd7638fb275ec4224daf0948b30a440b1230287b1e37f28abcb5f92b25f7c49591d779c06b208e52eea987c9801278f6d68cee12864b45b99702ad76404594b49b72f7a318a782dfb9bf1f7a2bd9b31ffcf133572d52f6ca1317499c328da05c3875065e0d655435e6322f7375f08de94db0f1dd078fcbe4666764e93f39e1cd7ca3b311537eac1c731c3648178165fea9394be85655deb0c28f5009f5eb71d5815a1f17f353cd385f23253dd5a0f6cf85c5ce0ae5b8b25c9dd464b333b980d6210853d88b809998a533a3e273dcfaebd052dd43d7b19fbfbd9d04e70de54c4d089fa878f2a2a8cb921c5e602f5da7a7c56cfb330634d40f8590b2638d2a220478c21e104a2a61bb81a5261522796638633eb31f7a7f6cf95c585a5fb72b0a7a8dfb1d6eaf02ab5c3ceccc766730cd959a916ed91a1db375e00c56b672241dfa2a47d7c3f483f41f1329ab2a57e26688df52978477c07d4f6c5b6700cef8574358a196418d1485e634d13a783e2beca792d282cccc384e6c9ccc0d479247436ce7914cb5577d122cd384d18d8290ca991fd7c2fe31706e33549212094e57b746f060fc08342fac91beafb6bf75dbe93dee83c176fc1f0b0769762c7a0bed8f211db212491d4fed37447f44c26a5034090282f0cd58c362f90a7d2a28594a9c4270505e2ce48227d732a2e14c58c61f50ee4623fdf60d0297348ea9840842c3f39dfe8a6d3dd4fad3edc045ea0757b61ffe27e820b7d1107256fdc1e58abdaa4342135816927184cd28076646d6a5edec9bea7aedf44c13bef90c03885460315d96e1892349f881c7984b2fff46b2d3012f4b45828faba3699ab1dcfd69bcc1143e2c80252d5d379a48549b87a38e6ad50c72af24206a234b407fc3bc29859714cc34ec72c516cd534630f76cc9cb8f5438095a66022853436beb614cadb77ee31aea77af9f8c53a43aeb5e9d2a5ecc8596988ee06e486ec2d73c0354050d9455971a11a64242f3397b19415309f341d62d98dbb2fc7568ad2e01f4ecaeb67896cc495724e4d1d233547be16e63580ce6f9df609ae06de0048393d32dcc9f6253fa76905d20830eb672e929ae13cd2d94975a43bcd1aa37fe417452269acfeaf540080164440a09087faffdd054e9ad45b06947f571f81fb71a063a6e7b894957b59861caed60f33e33c134261fdd69ab7a0edb346c5398adf8604ca1e1df8c52eef0772478a7a380d52020380833f2d0cd75fa8a7863b1c2a18ddbb6fdce182e68609fe840a365fbaff37008b580397af819a34f727644e73084ea1e6482c833ef126ff49854325425500e96779588275b25dd14d2bef2319e4116ee7fa4edd903169597120d13847de5997ec5cfdf7d82c175fcec19b242ca663e349d00c359a55210006aa2880c389fb0a0e60ea85025e2eac786c9393d3d2ef70c092c2237c680851671ee1f51bd8daa92eaf5d9406a2a724b1d64c386cae1f5bc415ce5533c52793e024c6cbbdc10ee2763c85a2695b0baf51e4c853b488eb2da0e2a7baba9c30dba3442c94797ceef31d196c04b0bfb261046b9644b4855953a5b3b7e9e4cd1186616113fe597731b2f60932d7e6a9db04da559893bb73d0e92f08fad6ca2c9544c091b6d193ea6a1a581c0461fc773528634ab513f9c17a2331cd6e46c8c35447a2259c627da2d2fb95c000278a6e418fa5457737ac82f8eed075ddf427548defcbfc4bf96bd830ed7ba54604de3eb29c9e3edd59c69d1f577b17f100f0fb87d7244e8719728d2b049c1356e32cb745a22003467755bbb94ebfc4d5c94ce05d898831b44e510ced6fb090a376a2b702b39607f89157925045326e8c436f47008e8c082384941e49877a3523f2548fd9cd4fdb5d079269abd735202266eb52e92b27105e6fb3acec9518a3ae966f847add77b986ded49d65e7e4e046a6287453983347406ade9733d1bee116e141ee9c01310849c2aa792f752face88a3c5a1952a7bf389c29fb112c5b70b1ccb8afc8b472ea299592f09e8d83b33de7b5a979d2099acad9bc362424f7adf30099c4aa229203cc298ae2b4084cc4af62f6c43b11e78e9cb68daa6ec40685413ae781acedc14c5c74602ba61b554ff270a3c87f3381e0ce796bdf9d96119d3f25202a3f031a5cd528e5887c7f13019fda1ced831dc152ce4b35329b750e42801adf83e923b80d8defb7695beb7ce6ad235596a2292635ed274f50fcf1f58c30cc0dfe7d845d527d48cdae54dfef34e056f90288328dc7e21b2adc98c5c11804a0b45c7829aff14196088c476efcefcce445d5865e838f003cba77e0acbe69e40ba2185a63f5ff82f5b2cda8d3a73679a1dd228de9b48fa4d09e323fd464a63a8e2b84a9067a268dd835454a2d2c79c04429f4c18e23e176286898c4c9aac6d8cfb0ce9ee4afc3f035ad9d27d807e1d3f402878df1b04b47d96f3f74ae00378ce74a2e75aaa12ad092f42b66a8ea28ec2b8533345bcd9062e25a940b583a0b21f4294b6e67f2e727ddc45b088a5b776b9ee6b41e97bf27262eaf8f00a00c50861f14c0c28c7a819fbbbdadf0c3ec876ff123ce5e62e399f2258252ef21dff8e178eb549d0326742e6871fb0818f58cd9fac7a15cc35d8f3cb1e31ed96d7ac1d8654380c8b2c9fdc3f35945ef1a7e9e0ff59aaf0f4e893590b8babaf07587b66cd1900f27a72f6c5fe4589562a2fea9576c600d819249a56a065b2003feb464ede6beab15ab42395cd5a2e5b4f7068215b6cf4911714b5cc5928d727b4f47576e0ef7eada8209c1ca964d10559c10bb575eafe4bfc65a98ea7e2c7dce9c9afb48e9d0d06b19718bc077599459b5970b80494a11790623173d902611ce35b8927fcd3c44da64e0d9ae6320f47fc2e792509e3b84db842e899343314578068a1e4b2c9603b3a58c1196d9b797b6a293b00d19f49ebc34c8334579b535069e7f50676e14cb23292c90c9dc4b239d54074351eed9074c1990cb42a5307a2a230cadc0cf10b4267ae27003cef73ae78d85c7e5d61172ffb9d00e1e8171f01d5adb5ec3e74982dbd73f10e032e95f442c6aac37c29a20bb3c03aada333400c3d3480042b6b1f55eb715db82984935cfffe6757b66d1275ac19598e5fe92abb484f15cfc5b098edbdeb18d7b0d629eb60f46c2d6fb888299f10c424f2074ba3bf3f7a3179f0fd30d86f3405de366aaab2434a14b5bc8233ff8c78227d9b96d6d7af0d4ab93e31216a0041465ea057e42a34d8bcaeb74a7c79797e348452f151c5630acd8ab92b5e7579642830681973730d1c767c36f01fb5bbe35e5239bd0c97ac2dec27805ebd0955ad0644859bb9c1227566eff91580763ed83c414d5011c41c0d7cbb84767ef839135d23a0e79ad6485e7c645403abdc74a9f210e40270fe6d428e94e44471faaef6f9cce462fd88a18f663cb035141beb5bb65c150dbcc634236924314284ae14e92d23bcead70414dfbbae6bf00e879e5c5925e162ddea24b32abc9b1dad0da095d6f3b983e04a011e54383ef95677eb799f77b7cc25c09e878f4fe12aef92bb1b98babe37d437d5c1e8c3e34d2a3c7a207f448d9c0898ec00924f53c7c826d3a63dcfe8b19d06417e96ed07a601dab7d1d0f4ea23d3356d9d9dffd3eebd06828a8f1d3211d9925a431952fa7c9cebed7aed21d9acde9459f08f4b4e0510457830317f7b9c02c453f948ce76f04891aae3ba0989e3986dd86becc8dcad60f28da77c34707b6f180cad96eb213a243af08eb10e6e5bdae38bba89c59b48cf6183e1a5acaab028e0912687d8fb7c174028e15c4d47dd46eb3671046360276953011f72c6e0d31b6d0c5267cb4916da0dff297f6c5927f90ea1602db49c2900bef492921f1048a3d3fe011502ffc608974a51187e345eacd46bafe1d80bad4fc91c10ca74a70140a42a34e6cacf86f843f2419caf7e014c38ac1b72b3e22f55e9a279ddf6dd720c78d85b213cebdb630c9a201b8dd5873690ec24f692e2eae08f165fa7e33636bd336f981832637caec21c8d9b8ff0be74dc076c2a8fb0295462c7d6ebfb0635bbc6ef573698278c4ce98cbd90c11274b17aa277c7b4dee5bdb27248cd6241bb76505f21fc7510adfb1821b4bdb78288524532e61f89ba6e80107297b9eb07ac2cfdc6662eace7096627744ae0d3d2c8551ac898903fa09b18c4dd68e8d15a7ae5bbd6ec382208789da70eea284f338c3dc417856482f856de78ac91bf4dab8849e78bc790f181764ded99ee151c1e0b5c37818775c2c103ee74e19e523bdc7a47dcbd9201a91a03f91c4daacdce1fd3381208f7f97296de2233f0c138c6bba365d4032364b54098551276dcad7b961b05bf896408ced53caa9aac3c1d8b7ef7336077615d3b7cd344d16ac9d77a19d4e27c2653d53bbdd0ddefbd2aeb1a7a1393d34f415f8f0fc35daa798167c4f3d6d51c707268fc70f4a796b398bc16141d19a70342e37a79ab45706283e0e97d8a2d270b9f334d892555bc0eab62b3322fe94991c73e405b89a6cf8a28bc88a4b0bddb71ac85f02cfcfe10b374f3b3170e5313ef4373b57f087ec15c3b6ca90a3f03d367b27320e7fa8fb92212491f0006d4852878bedcce8500bc3d26422bba1147bb395ce8a3b11c7c0e99aeb35c030b16fda6c6508cc7b644108685bd85f0a9e907ad236e083f78bbc56a982fe47aaa37f1ec1c9fbe17794beabdb03cd8cb7044387cb425d9ab8ce883c1173318643a44fa870842102e6491268c55aaf665b1016bd0c9fe0c0cfca6d939a625934dd2b97e1166c31ae190533ddf6e7f54458b2cc550bd2631569ccb90772f0435ecf9c84694c811f3e3d3931a7db499c6a7c07158374dad86d75010b595ec1579cb8c073a7d87ba5436dc9003bb9b03843e0cb7a798185551d011f35ae3d89d1cf556c2a56f349e8a312b0acfe3d3b1ade65425b1a2add7af4c59b64457194c8842c65503b2a69dbb00a3adbb30f154afeb47af2b35b34aa6a29b91b7b38bfb198e8f31a974ae115498cb4cdab65a13066549d6100b99240216adb9d44da78b83c0bdf0ce871523f955e338386c0d746dd20fb6239b5d7b1f3028ef6bf7f27f273b9d8f0fa3295fbdf07b3d998ef89a0df990418b1d227ce3ffbb592dbbcbfcc4ebf46b0115332e1d89ef0261b001da5e9f2327cc83c52c9e4bdf6b3ae9d56af230af7831745902abe99d1ebceb63140e95a2f732372a5c093085738c282424b6ee26fa35c1851d30090271d654c0d6be6608531ae6ec9566c04a39296d80e250caee250b9562f3c1c353e28885a2048f42d14faadfcdb669fb07279f49db3bfc691ebf27269218d92b9110036662b509fd740e0a17e462e708e72eb0a5169b6bba8c6ef8bb99acda5ed62cf9dc15411143066f8901f98f5798a8d380df13c4350967b5747d39eeb469ceb4e35c3b568438da79a965e04144cd25a29ef90066b7f8fa94d541e252dd2931525a669874f4053af860d3e8ae264bfda60145307a5a6b80c0aa07847affeadf5c7a289b7a7e8cde9662d1751d9f813065cba4a4c6b48b1edaf8dfda306fd5c25eccbb77c14b2c0593921ea22105893d4bf2047355b8243d91e6efd39adb6c184b106dcb8acb9830e22afc4da407acb5e43b5f096458696242637d58ecc5119266f01e0e2f0c8536ef3bd49f8e9432609d8242c39b4ddea229978766d56bec275ec5cabdfd1c4e8cf8599ed0e16b388696103c3d2dd8ea35ea10b3e006c275ec260f6dc18625c9f52e084e3be194c61ba78ca64a27ad11e370b9b669186c64feecaabce5577922b74dc934f1b404f48bfaf9a66037ce93217c8ffdf1d0ed867761e1da785ed8b9ef54ca2e3d0b862cec53a3b06afcf336a090d68cc33fae299826f4f943b0aba29d012058b725116c9de34c86b1facb88170ce825d3ac22eec407cfbbc69f1733a87014bc7e35b47885e4090d48f44b266f745c12e899582e6ca0b025198aafbef046fbd6464ca591dc58473b14c80e9898abcaf5cb84d98b6db912b3e372829c02f3e7fe5fcc31ac16b3d58985579db4e1703255868ed94beab2e8bf5ab08a06266401a0bf7ffe9ed539f9d0c83cb93a500fbc478f0aa993c5bcc2bb4dbf2914a6cd2162ef30b6d7c7496707a2d5f297db4a006187f365b5b2cf79e4bd2611e838a3dabe030fee8699199403c76fbde0d24bcd2241338167ddde42b03a62fc2cc1097dd48585185d5220200dff62de5605b774e3b6b1c3e23493d6ef664026cf2333c807f5d47a3d4db0458977c48ae532148f317ec007d6bf07393aed54933255c08254540be46a88bb10939675fdad00e0ecfef1d37e250c7dc10afa7f8859366ab58e4ae1d4143858868c6621d9b58c5f3d9a8ba340b2f249b19dde0e20a6a144a6fd615a345bdcbae40711f7273f4f7a829465ab6c806ff129850c042502165391f6ac352dfb4c98c7d14c34d561bb0377b9d3b6e8c6f57f1be0884a5fc71f5547666287a59c9077787a87f1593c21cf65c9c4f573a2c2bba41b093d6efba7cacc5b5fd8d06939208e4ff4c4c382c748fe3b7c8b6cd2104ef6b3106c40723299d740021b337bf05cf726a2c3e7449e3215785902f2fa569a3e4be9cdf86140d1acfb511c975ce87cf6a609ff9255f258ce628715ae9759fcab822675662cd4bf78961bdc4cf44ad30e3f0861618f82009e558863d4f21cf61fe2f3689b0185faccc883e88e8dad846db148ca9bbcb52ec9663d7c8a75c2933fbae24327d2c0041144d781d7195904663f4a867a0f86b62eba101c4a751481c3af46d072c25f75eb43efd971927d382c9fe0ba4310b3d9a8780036301d0a3e559c672a5af70587e4a35096236b53b1d48083eedce06a77608f9b87f54d58a4d01db37428eb6a0165e89b269983e3da451f259098c5b86a4f6a0d7cdf1ea475641f207ab70951e35d05a4fde1c2e91289370f2c6854dd5869de1286287f5e1bde13025fe1c6300bd075175d21aed291d9349c677da6fd98c18fca93cc1786fc08cfd858f87fb9ead3bce71a2e548f2236b2dba58452e37a166e14f039a7c06c8e7118e74f854d6d9429c83e2f4704721c8b27802b8807d0dc1049846c85f1d67ce4c73227b46275bc5f2d66f8ff8a31e54dc87599465c135feba7e29cad1bc38c681d31daba89688f145ed2caa37bd787b6bcf3fcb01813faa66d3b1885b17f5af615c71121aab05c130a0ecd5d1118449e967ae0eb20fc05862c7616f5a002e54d0435259635ae06c9a4b34186770f0fc81533a168822adae258592dafd4f4b0c9bbe5aab9025cc5cf64b8085a144c2dfd888082f7c40aac62399b092fe563f8a5571c4bd79ba06ebd864cdcb0b6008d7ea48c0f1b94ac4cf1fcac94b576a31466c887d8794f9e0c6ca9db7d440c159552442b842e48aaf0593f9a95683c9cf0a4d869e5344e1f5c68f892fd0a9358aa4b95b55b7014041b20bf9a2b08cbce602d35cebbaaaa49202218d1663476009a800a4810012c0c43a6fa79c45d45b4191842c2434fd3080f4d50d936b37be2fc26bda12cec78aca2b99abf4dd288a73a1cab7409968c8ba5970e0b2df21afb0e73e6ffe17f4610a3547167c6b70f94afbbae0338aba5c53795313e728cc2fa7251f64b9f9d88533673ebde7c07284fe79eb1f8f1c0e302a8f45be68f0d75824622a2a1f8eecbf4baad2a5efb199c61de2c685965649a8b8fdc330a4fb3a59c858653f49aa7ee9164708931b8972694420e924a11136c9062d32923f4688c1a45bfb83286f3f1d9f82ab4e14fc5cda1d4159afabac05238024208777a44a9d91582df47855c57d2f55bbf9d096c8c43b7c00974ed487001da443813a12d4105cb6315369a4255f2485efd4a5587412dee30874ea3183749cabef2a84b3f831890dc7f6847dc527faab413af040ee28bc523adec487d34f3aba14eeb7b4c14a7f664fa2c2aa0036f4b6c2b8901ecb15644a9a2d7616dd365dace618a0e6d73f9da75ec62dbed8b067aac6728fe4c20a998207ee681cd7bdd68d130fb9807c83947917be4c882f37655795e807ade78894b8028c4f20807c7fdd1ca78983b28fbc2710d97ad4fa07f2a89b466ee325dca81190884867ccdbe3746921f8ea0a5d71f65f057130c1f1e6883427b78ce4a02ca32e4caf88ae17a3885f442149918b728fa3730518383dc612301964e57fd20685d1fe291638a78d428980fe829017a4ba9e2de6f251f18b93a77c89f7ad8e727657b8bf5bc1434d156a38c7dff0063b42a2d5675353731bde3e6fd37627b60f0ba9dd08efc8f44f869f79728445b64c5f9fce9edd2682d4d6304c3f640f7367fa83c8648014791f8b7c0b8aabee30efc72f178d8c0ce89c8d709c10ef34498eadb2b8b1b9a97371b6b5dde37a86d4e33f6c253c98fb951aece30d3d18202188283ab5cebdc9a3ad9dad788a7496636515622e5863a6214d6b24a885dafa4b98e9c2b2b19ab98a1e2389c39b9972edcde170a1f1ed4b0ca94940926771e3c6426bdd728132e5931882c2a13790af06a8d065f9b0c973efbfa06ca1706710a1269ad7b2a3be0a90adb73035705c7f077ea192c27128185c6888dddee6e2a5fd329cc7b9829377748858a0609cf35ad55b9ece85d5ae2dfe2d814f062728be5db7b0ddedd7ed76336e8c5476ce9ab7e66425c617cd4897781a46f7dc1ee82efcf977caf743e7e8de2bb0bfe4882d6b7f8e37b6e84d877c46ed6a1e9794dae3ca71b93b14ffbe7c616cda74fe5db1ec5f6ecfbbe4e547d1557396aaeb6cc89969d52ab3334444dd5d7e26b5b8cb9670ecf748d49b8e483d5897dfc01ebd7750fc126aa45bc41704f09aa08b904a058b6ddc958891675200ec37b489dc291b90935a495ea2ad6d6d25ea6941e3d999dc97d40af225090ae6248d7915a3239d0336d2c13e5aa8d5451a20b1a7e83b42531b6e31a7e708f18c21942467703d4d09d7fed919ed4a76919e40dc13703eee462f4415c0e525045919460e510b500e5135807aa527bece9e8c006593f6bae37aab6233cbe5a8c2b704ee357acc93001463ca0301efd6869100043adbf67ddc7776ed9ddbff523d8d8d24a4a56aa7caf4dd9d90e4af81beff529081ee3b0b6e627c7110f728df6c947040e2a13afb5a9348beb6cc00457bf8f4771377da536c065d2176f16105165cdff7b1782590c9249de97b7fb8b397b8525a4b324a3ff1f4cd140ab3b1988aafa1347d59b9faada99d22481c24492ea38702684065257083560b193c23735d1d89e8a4a4636757cf6d02c774b90a4d733b0851f8e72cbe9e7c398e2fccc8ac5cf78e7c0591dc41ffe07510d46c642d7915faf1ae815598819ad3ef519f7932f7d5ecd42ca76374b8950e9e958b86dff3ae445d61f37e1b590b725c98ced29a3f8b44224b44331da208ae81110c641645df374de0b025fda5131f70f1e49bece494cfdaab65f8b9f05f22a422863bb0403ab6f3216dc8bd8c8d0320b9fa556a3cc53dcfa73f44b29a6a1c1a7a05d532aa2b37b32ffc6dcf71a840aad9cef741bf53978989b53239b5baa471c695e94e926481b1e68099aa70c4d328cccab7b8c501068324a7739eb5316f5163fdd53a0708bd521f908ad87224e9771a98ca706d84af7a346f84ac3dec8269897df36d2e72084e347b6c9c465adf7beec3414a7297130a9e931e37004d1f8aca8cdf43949cc7e818f133cd4fd8dabcc26b3858a32944822efea4ad731b5b7cf8f5cb7a3fca673a6341be6a737a3182e070f60133da62f2995fc70934a9d046b87eb258c94c109628c695cc5d8472ab30d32263573a3c41710a68902c1d924fb59bc1243a43347bdc943850815b629f80712c0fefcd7848c4aaa5bfdb4bf0394207c9c76b57a445eead295f545564d884d9daf424fee290391d4aaeecaaed84bff17e60198a62dfb623f9967cd0e91748776369e4e09282fbcae16deb033930f95b3f72dbaee2bac217d98ed7c9c96940532689f457a0755313a1045e1a132f17fe99a4fc615c9c08388f00c34dee7b500d8e7a1f771e6c7563e3c134f4105731539ae8dc1a40e9a258c7ca11189e2ecfb9d741b76fdce1e06e719d8257070ffdea47c679b222c010ccdadcb656b313fb71bd0774e5df3717020b8126af4f601660d5fa6006053355970599ac7bab9c75d545d46b1f42bb49a2fc5894262ddce929a92f249305661de20816e25b7f711194fc8e7d58f6f5dfb3ce50ba4f883cadb19f24f11fb6c882fd86878374711c93bf24f72ddbc77c44014b0d620042b5037b85b872cf80095aeb8306e91db16aa6dd74a6a2c4ca7e275516f7e3cbc38424bbd5dbc32e10bbd4e41c2048fc7386c64c8d5fe9840c4093d21f8058335a91f9e0c91b7d400a890712060608e08072ee0c0a339e1a4420a00d1fd002a29b3062efb5c0230df6e287dd00cb2a57d2671bf636769d9b35d673009174dfab052ad2fa687d7a3bd5bb3139f3907d445edd5b3faad4f306b3c9c010eff24209d010b5601c8210ec075b095cc8944ea90743f41089dd107ac881a66511bd582f81f37cdf10186e7eaa2795b6b19e1bf4b9017807bb4c4381053f146f2da3621a81fa2e0d1c65824adacea1f54db9d473ff58203588ca4014d6568aa089b34edf3588995a85a403664862553d2a62afb3f68bd8696a78971b5df059478557d60695224e174a2d5b4ce4a8215306ac6a614e983cdaee8dd3f9d3a67fe90d10e8eab0a92aac348fde2c6f31e8ea4918a1c91c6f61f73bd715497137e746fd71af0feedf42c6e0d48d7a2d2a02c1662e9932005874aebdc34e2e725638b0a5094563f43208824fef3ca76a0fb0390a59008e0db7162ffa9f08eb431ec5f9807db39040b42fb4547d678f7c7a98b3f2832e7489cddfcf46ab779ac9e7af9929c8c00a7bf3a4104c1dab22dff9612034720ea3544c1149c18a5ea9189a8c2794c818ce0f0c99d36340956eeb44da9dc2a0c8feafed4da9c0c10b5047369b38b93cad72541565c3c1ffe202f8ab4759e556bd8f2ea86e04ce8660198d514a435512a859b0bb237ba762125c49fdd934a503b035e210cfbfe0279419135505048dc2795f01b0948466deceb6549d878648fa96a5cc5f47d8c198bff94aae460f0270064b365931d04022330b706a2d2966e2b2e7ddaf158cb7a4a9161a817184ecb3a5c0842d6b5bbfb231a4f19ba56a26d867f50358ccefad017c250ddcae572431a39fbdd99938e73aa648abdce7833311a1fa768d69e955d5c2904fa7dec2a59feea9271c9001d93a8016c8352d5da55206c740bd570ff66bc19a4689f6eb1371aa90e54026a91180bdea9a2d4b79aefb860ef13f5e3ff90db41ab896eaa8d89fd6813d0d644fe423a175c8dd8cb9294a155aa8e96812b8c0bace7af25129003ba1303339b17fdebb6731f59cba610577093334a21e2e13999ba253879763672f4a201789b3771fbef9efc68f22fcbdd17b49623d5dc8678b907246971ab2f796c1a7f39e9d55e5fa8f79ef322261fab52cb71a3f7b34a333cc6c03347f84e812c72d5442c63365f8f17d851c0120acc0ae0fd5f2b79ff889694fff272bfe6a1b7c06898a522f4bfd6e278a63effc449dba3ab1e797579e2d4c4f53d2ab218325f6ddc4e7ababf81af36d2de08669b293ec48fd0cab3d02c46d294a851f9843364baed7b93aee2defbcba80eb4c7162ea6eb7ac2a4e6677c5f6c5501fd74e4b405a3031e8609bcbd8a35509310d5f8da19385fdae68564065ca3128ac3eb820d29cb142bd570134f29578f8159d266d47f650d03e1cda784f8e8f420962ddcf5f066ac9d76793853a6d4d0bee3af4989f044fe4812605b926e944c388e6fa98aa10798e0ed10bd11e59d7b344b8613bc2107d9903317faddff580f4102db8ea8a3f10c69935493847492927496c91866b5677086d73e6dda0b206840c0ac34a9036303c9beff69fd4dcf14a2850d9ea210f74fb2a963826a52a2649dd38877d893c6940703d30522ca5ee1efe5610d26013ecb2313b9ecbcb8782288c802fe62381f7c600694da4c457d1ad7a0bca9a3a5b7d67fa5f5e319b4f606335bc6eaae8cb2907600514f93cbd3d613b8cd9a3be62ded3255d17ce388c27dafbaf6098abd6543a28a5afbedd1787d422ca30c992c53e3ab34f9978a30aef2e657d99d559e5abf14a1d85edbfcdc94bf6a0637823fefd703aaa32de71cf46244875ad895c696d0a4e20e953bf892026439cca1bd8e72682c990950b45d78263c8edcb813f9ebaf2a1b27b36b78b3a0878b7a4aea2cc908aad6e9942ade1a47f613f5ebf62f5fd40ba17cb001e831a532969c851dea9d089dd12ac0b2511a34cdac9b830037f4c13d592c6f3f55f42f5c9f4db3ff84c9c76271160d249e3879d6c1d0ab535baba736420946312053cead6bb86341ee724f229ee3491abeb570aac8e8d56c0b5f716dc3cfeecea057d8ba7c82de5e379f931f233b70fc59780dabf304951dceeba97da8cb44162093b15cc43596f8faa79b758e0756211e4c5b7702df4e36fbd2af28277d603092418e833068e20ff0d3df08492dc83b6e5854564d95388f2c782241ac152d4f8f7b274d82a391c57faa026d51ac447ef30430d1edcd9ac633992e33b3bb7ab8c236c061a197f2079b8b99cd5d8ee91769e6598bbcd29fd382c348d400d761ce3cf0c6ddd8b52d8e62e012dbb2900ad05dc57b6c8513e6ef10ef03caa91a9a347696ee64967f91a8dea722642d86f086940757cefee8fbdc0bfeeb3ad98e74d3036c16cf72d24fcfb9a9284801993e0eb196f62f2653fe3e0616aa652d35a0b393dbf4c32e9d1eccf707aff216e4f3a410362fbbd8d6ee7109a3e7eb45a7caff850336df68118418d6ffeae213ede34b2544caca4245e23aad2aaf65210879247248e893fd5772c90ed8c7c64d3e0d0682b81cc4206e5282f77325ef462edfda2514300e0e398c28f4e658c0952644922d7b6b23b778aab4f477bacb9cd0a3caa2b13b2c56dd38ef28c0b08b39d0d8765a99307c976968ba8ad57563484b1a05bc32080442f0f3327b1edeb2d4a3858c1fcfbe953985232c7053da32af5f6313784e4a08b54c5a8e14766a7b18b5532b615059c84973ac52e63a66dc2a259df9ccf28898c6dd74ea97a3f6d5171b2b6ea787bdeee58b38d4c4f99fa49328f1daee434810830ca253d8128cf0587d310fd2041c4299865390d069534f1dec3b8afd24a026d8cc2a0cb887b1ba687df0fab46abccc9c62b28a480351c65c9dde269d5101cc78ecc73fabc86e3f4c2676e80ea8da0e607e42acd452d8a0774ff6731068f5abf491f174b779fdb2cd6df7bf36e92dca7873339ab0b5596d6448386b91c1422b4843d680a5bd14734bd3fdd168ec3bea01b09314d6374c80c2f327336045a40aa8e9211bc066dccb8fa01cc5009929813d57e624d675bb341f3a5f19dd8d327b01e734d4b166acce51302159db631cb34d10216a57397e030f97caefb8c6ac3590b211381e1b3c2657f5cec23a7a6dee351951f1bcf3dc0c2ee2cdb4376f387de6d52373dbec9e52b12194727071f9e5267dd8db17d4d9695ba208a44bbc2c0cefa09c98276a9526e957404ce3137cda9474138ba3ff96f5982b2e64b89a56a3289116f402d314c658618b603df091710991c8968bda84f0d1cbd1ebd9364cb35d9db9e1e9fdc8e60a71b6778ac7070600a01ef2bfdb71f4b276456c4d3016fd9fc03d1f8d0fad3eec615ef2bf11d74dc349b9454c29dc6880649c428bad9f878ac2d1c5ae41706af31f8591f8c41b58466ae3b3ee750254ee3ecfcaca1b6fc156a25f1f39c2bbac1f5f3f877969fe0c520f83f48cc10fcab67e8e3f129e28a59e83989524f0f7f0c451d32a11d10aa721c1f567921bc025cf11f3d1e64c63e297de94a65b0a83ef856a37a4be821bada0df15b7ab89fa95a3f87445b4e30050601f303330f1c3b73f170f6a610bf21e87f5924ae2748288cf04ede74380fef15129bec90baf4dc449a2dc1476ce6376d2e3ef7b780e2eea5292e63ab01e8c4a9f8932273fa36a78e0b55a0485bf672587875bc7388734e1fdbe005cd2ad8d3d31183db255ce8975f12d2a1f7fccca5ece5a6f0c5626db5fbd735dd18f6b569986c63cc64f6713925364cc845f5e4d2e648cbae27f73a8a7c948983f2d48283ef52c93c17817bef1b2b9204647ec7aa522fa165f4fed0be17c6a16bbbf9803e65ccf6a8f0e33dac78202af54f20db17ed78552481a481b9eeae24efb81e15d8fe7632e40d96ea389ad56b6dda0a58f785ab3e5372e17abd7092b8644ade5da2dcb560ba6417ff2ee61462b036001c6e08cb5b4db3a255b5c6df093abd73b3998ad907355112840d02cb0a347033157a036fddd5ec17a23383a3459f67d3aa08ff6b7bdbf2e789756635a5a97e137aabdc3ae5f535124bbf601a0aeacadcc4797a7b7d90e48a0fd96b3e6f50bf7d0b5dd74e70ed63af0123d482a22acb2b5ed3b5b9b84a85870cb02c03985d2bc9e9e41bef2c126d8db066a97f89a0e84d77348c23f76b437c5eb7770ea12d5aa16a79e47fcf43462f9022f5ceadf0ec22c7137a874ffc992066327d295f6838b0d1125c27d68024bea5b84ae6a90bf775c00421498826c94ab98fc01ba7eb8b66475983c6bf3bd36368e12a0db945f585657df92c473d1a4ca28266937fc10f93cb2bdbc2d773e1f881476cb7e0641311425a5f8037659b4ccdf0e2f4dd91a398adcb280c0afb2c0526b4bb51df8f29af872d4a8156cf735b28b45bfb412d6891f9b4037cd45384aae29596779e2ac5f123f8f1615546bce9e960612874e74b9d5581f00fffcdfd64cd50587e47a5f64c8aa6bfae30853f9a8020bcb853b6efde7b82b13bff67102979eab4c6cbad111bb2bb86a11d5161b295ef892b7e1db06f1098c3b24d475d61d7af1ee5a214e0df64018dafd7dbae0b1552c892fce2b2bf30eecd4bdcdde5b50638fc94b07a9fbd9a3b161ce9a50a314028712b8542d93615df187318579b6776bf6efa33e50521c1bb19926dd98b64a67876dbb406040358a4aa949f77fbd2a3ef776a278138598d1cd53d4b1aca054fa78f804c5ba71bb47e7e7228860a26615c9f5020e5d3785dd9c23a0f39a15dc22e365544302a6aca8829a67626588d6c5382fdb1f149aa21e4626dcbfd9060f58ae5dc34722bef39e7f983c8a67a859129271cfbabb5a247d98312504804c040318686ed64ff3fb0040e54287173a9d98839e8040e9d6aa30471af7cf157158944555be95b0bb28ffbd20a0a2e255fa168803cdf863c6e0f635c19b008612f091cea7f9655801f5c7a61a5a2d3083b9c1132d8661c2b1be80e2d55ad193a5ed0b18b07948790e889ab879cc852ee7c3cd7b1c55f30638670ac6213c12b75dcd603d869584a084e2a785e10f24af396b74226d3dd1afad3a1fc30a896cf63c93d21af3ec76766aee68792877f6ac6c3db6668b092e60d0c4d617bb4f5bdb5dca5d2388263edfa628f1b1f5ef5fd5ca25621c4f673b676bc9a428d951958b9a4a7209296be83bb0b841c713e9c814d4ba1e9e9267c6ac0ab529e6ef4ff43831aa8c5178ea74e825e94dd0be7c303e19fceede34ecd675787158a36aedea94a06f289714ea4209e16902244009739bc04f714a2aa95386b1fe426fdad4f536c012de12b52fd3c2980068e275239e9fe0ad957bb867f38b3bd2b7a2b95bd9d3d6b4bc523519d9b2efaf68f576e39b3604df9a205605dc4bbe9958a4729e05ad80ccabb89e2f68b3f032032c9edaa9ca3b24eb884c9df7ee13dff00a575bd3ba810b74d7f93bbd106fc7b69cbf7b1109ce3689c109113963398d3007d52220ad420051892e83a320b3151532979868774f3283af7e906359acf2f44539c562a7ea36e9e776b22b702bf497665524da397aebe891858bafafe7170bf1c359f2aa0c6d83fb447fdedeb10f5b4959800891a6476e4ba8c0f98e5b6910ff826bda43c202af1b6432c54938bff2f0f476d311ee3d407df62171239a45e77f75c5ccbd61d95ba120804e5e905a35e399923700b8ded0bff085195a2d2d5c1bea4bc98dc27ca5076b124b06d5facce559806318984620998f16037bcfc473765b440ce5954288c81376086b8cb15b555dc42b228935238c85095bbff9a06b8ba99a3a386f41e7f2a838a5bfe0a83e8f4064048af67ab3711f158631ef9b149f37b72ef762c9ddfdbc5addc2dd75f219a261b0216101bbcc4196d0b1123688dce6446bc8bfbf5e8c8935363449a407dbd7d8b312cc8631160e8590586889cc0e1bee84d04547554f48e10618568cc6396af5f8587ee9cc7960afa58b9090cf8b5a16d7052c4bfe58231dd31fa27618c73dccb34241df08df68ddd74f0e425fb92cd6b71f6b1cced477bd294748c728308893c8dc5bd5f74b12ac66a5dac5f51d9a14ecf3a3af3f331481f7fc4c0c10797cb191545cfb200450d7eb641e1f6366638db72499f2d6b452ae32b7002b6375f61ec885e96f91975d3adb47d6636ca5634fff299c296a8613e23919adfdc58c64737a287a75d4fa5bd7c36e392ed8c7b632b2ff699a3d5011125ba85176d46c14987cfc02496973cc7b49fabd02d9bc8db796669e0ed89de5aa9e1936092299af416d550a9c52e55a092cd49e8585334fcfe282978b866b5dd2f779665177882c943a91ce78d7c9c6991933c548afe97c63be46a9647353e2016b83dcc1785bdff1b7353c96eb7e83f4b20d5a360f997cc3ee1c7501286c77ce35f3dd48f035110cf543fc49bc227265f15d6f56c3ab6745c86745f407b693852367682e67214c7150f6067d78c3ee8c480910c07cf99b379eea25b872b4e19b1c9fc752602b7149c56c1d43b8fe53f99816340d0c9345982453885972eb2ef0a6cb5fc56c22d9c444d1878864d0f8db919ca3c46c94f56b41a110e1c6e1c79b2d0af298d374c0fab97371fd9d58ea2801589531c20b4f4ea8d76726ca657cf9fc4838976973b07c2c31068d5927fcdc13542571a9f2c6f7b425380c5c7904f990aa8640734275e1c62371513e17508c4b7a0134a7277440d938dfa44d14a9af9f96b6ea6d86c50554a637df2db460674a5cba171647330162b451f49825e8aa6c445f8367a30188c8d3dd12b72aef9c6b2f418ba0eea354567f9475cfee47a0d8ef1bf88bcdd93a4d926e886ba1650e549a59a958ba805fe5aae0596a8a02c08b748b9dd2b697a851ae32d82130ffff30493f2bee7d178414d8bd7f63e1a035ebfd5136659ea3cf249592e8c977bda5b7e2d8c959b4c04d2e2fb3b9dfe7ea5656b414225150652c433288c1e0ececdba79929e0dcc82a2ec0f2d00ebf4ee5416ef694b3b4d73eed7a59ab26115dc456a51f405358906480538286e03c47c90dfe575b38bac1bd54bc4e3bfec7b03142fa63a52239ab24f81a375dc98c2e91bf9863287ade2900e5f7a1b2fe11a858506ba79bf751ba213e3db795309cb2c025529be52058402438b5dcd00ac1800755ce7d45717956ae8eec62c96bbd53ec0cd991922f510d9e67a5111e7b88d15fc7bc54e2ea34b358d83339d93a91451b8cdb4c4828b3da50b9dfcfcda1c5f01de6f18675441d2ec0c29f4297791c7cf74c2712bc382a9f88b54ae107c45becb6775e3c0bd40b3c03645a021655b4439a0a0d36aadbd88bb53adedcedc0f111eae29bcef2d482de03cee549aef3c995bd9bb846ec4320448329755f075264aca13453e4668996833e7a7b0f51a6b6a93ae4ef745a81223e0697272bd0697351aabbc3cd30a886027c3e175fd223af3a50f22b0fae4fe5fabc7110f81e36ab425a627fa8d5d3fe0c96832cce131cf6b4302072c4908b1e984c9e2083750e513031ae561b2fc50f95d411048023c6d9df379ef4745d6a04bca19ad100ce717425d9fd858fd1a4bbb1744c5d357d8c317d73a7b13bd107dd02aed334ba85341c838b016f0882bada93d04f8887e68e48de1066a06543e659567f707d0f8cb5749f69109ea8f26db93f52e6b4f5144bc6618eabc9b550238d22703c4787a6877c277970291047f50296eae164e79e2730cb45a13ec09dabe591e42baa5a658e6451f66718abae2eb64582501ce50e02159c4c32bbb4edbb4136c35a67b680607ae0e6cdc1f23044a8a6e3ea4a328375ed7d5fbf387a759c55dc6370f811a259154da5215261954e23a9560a9bded60d1ff7c4dbb5792867d29d182ff32198150b0926f24ce054676fb5a4d4aff5e5ee31eb4949935f267ca6f76e0baffcebf378b01dd0481c8d0d0bbaf5f00c23fd53d507e42e8939d0336c4e84ae1d24d2d5e73a5a2fb601b0d8f886209e5c933731152a7c2ffa4128f269a16056a44c6e483457ef0fb2b95a59731509f812dcc3b0aafb1626ad07283617d793610cc56f7b2318e42d630389b7cdbdb73b37e619a711a1e73a0f731b467decd6744160cdc6372b65de5807772f0c472feb0c8f04a3a6a10b2ca3eb37c1111769ae0f120dd8313c2426bf12bc613c1d806cc5027273afb92f72679107d8f609eb956eb8aed34697131f12968cbe480dd51460ce8c26ad16e8a7a4139cf30e7516a48f0259b83f476b600644a80f57dac3e0829adc82d0ee677cf338f48208cba33d1010b64adac01b7e3d6350bf11bc51df5a20e448c81807308716ed578f5233f7745ab233faa90f32165308e21acc9c0040b0db3ba0622f8892bb285ae49a7b4dd52bf47c5704f9cc1f56df58d2b523e885a722133ded84718d1479b0f2c784cd7357bf7cdf7de51defb1305fac4fc7f1247e2b2b1e404b5c9bf1e4a0a9e9d31099494b568baba8ae8cc393e8578c0dd1ab68e5e567df21749983f3aa75a0b4d7594d0e7b345bea598dd4871a5811476f7ab181e0d0c94bdb4fd53fbfd96939d4dd9c21e6bc6fc443b30478fa6626a227fa9a811ebd61eb29cff743c9fff380155f666ce78c2aabb247ba717fd13a74c307a55d7519a0e9167548c95d262028b649c504e3f62f309aed086eb42825e4019f28c55b1678678dfca594062d4c987952cedc2a2f5687069271e11b716644c0e59ceebbb2db8a9cc0b6eb0054248f8e4ab25b2f14efff27b4966c7ccdf32d05b72a003fc21a8993ab4d073a9257d85a833da1639b83d14e5e63d8e34b287addfac2b9d752e76f6820416e5b10d78fc7f313ae81711bb57acaf9398bb3266ccf5a699da5e07e216d0ec464200b80192635b54f6297773d2ec95a3f6d91f5e1e8fb6baad808b4e2c8f7e685299558bcbc669985118a24c0079fa25bf12e63267da0a2604a70f01cd03a5caa349549ab098c525d7714426a0586b52cd8fc8cf67d20c229b950b982bb862778ea482d717458f3c1ee91d56f57fe69632ccb5d391a0dfa482791a9670ce87184a2aa9d2a625be7fe78b3bf93eeb35c703a1d00151173f6f0eed16392ded4058a3861ad86e82c2a52a1c1ac9afc85ef6e3a8d7d0c16da1116759863a9a708359e77116ead6b8e0f1b24145b54364e1d1bbaa4cffcbc56f1034351442a13c33bfe765351caaef2804b8ddc423743edd0181aa78b142c48959e6a3e52cf6cb73ebf036c850b9665d0ab27de19abb271278c848cf7427c9198e6b04d3c09914ef6a77eb07038838c56aadd5b9d052f26098e681853dc2338b25a29c39f4b7fe50b280010155145f1cc937fbaba546ad0120287c28023e997185d3856e0d0a1819e91190d2c517bd1510e304857511a9797f611bbd474952880e21ddf509ec80477527da01fa72fb3332ea61af2f927bff31ab358430d1b33abbeb3c9a566ccf0a52bae8e547a4e7b8c290fc1fa3cbbf22faa5edbb87944114933a7dc7763d03d3907d46569b619c8e1acbc4e4c1517759fae8ce07241b2d8de86143e66e73e25a86c4c3658c4b50390ee66a1fe6ca75422f168f8a29586d59207d5e6b702d6a50298268da6377f752ee49d05c53160eab2937dfaed015b690ba3e53ae78c81630582ecc21ba5e2933fbbf6b20a26e9a2520f2d685c70f9ab402c7a5282ccbe8dd58845a7012cb078167c071253012848c8f192be40cfcb00b4a468ce03c6be39e6b4f740fadc17d2bc6da564bd6d093a6b2ebdd8a3c35cdf51b9414b1cd2093a4498617aefc7477bafc75132853250367b1c5d8708d3c3fa7d886c949f7abb61f24bce7b1fdd3f9334f0806c7b7506572bac194e7b2e9e391c03f89d9b5d5c977ba510d72181acbf05656aab9768673a8911d98acbd78b6d7aef6e40d038562cf8bfea72679bb44209bdf99a4586a6ccc8aceea5d29fb3dd6620dbe613ec73de28766957a533ea247b1182103775b71d3dbf09e702895f3a3a0666eb5b8db9a82ffff71ee6cddf531d069566a525c810e536548a1a513d148c671e2194b3773a0d82c344545764bdbb7a479853085d54c5e6ca040ae0e8137ac73c2540680d58bff4bd6adac8d172150611103af244f1d8d91318e93ea74314bc08aa0c856396a066eba46d5e8358610990da7eb03b5363ae39dd4b1b5b5b81a0b5a54c853e1301723083bc3d50614f518d26f528ded6376a22451375bddcaa66aab88857ad7c5d8ad7d7cadc721cd6f41bf52fffe07c97f639b76457c91981eefa9aa45c1712c3ea849eaf0bff819bbf9f3cf92d2f9ca9963d0ad5e61dc138589d163cdcfc11dd2dad307138cc44a2a887feaf5f2b8c88c387bc2a0e7603cb5c7bf83c487f7e5f5a2652c3c85a4112b1eb08556152e84b6d0cfd896dd7756ce77024f1971356651c6ca6943a177598907e6e273d0f0de88da64bbe1ed6f6f33b754b4186b6c2ab28b306a8a3e3bdebf26d51cea956920b502afd8a6b01207aaea235601e31fd673b8241bf27467e5d7e6214e7aba5404a62f0a1e9ad1d42b6301225cdff273115604650e64ae21c5e5c377e24ae5e2dd73e33a952ed1dfc6ed36f495786b7598ebbfbe345086ec4e39e23b9f97bfe5f9fb0bc3748910d630325f58db0de9d1d764ca500c3d4d900610976bbca2f9ba46827374340fac17e6840cd70e3319b37f20645d4e9f0b1565311803b97fad00fdbaf00e59459ea7b26a8afe41608fb1b07b6834017785996a3e8692ce1eb5d68a3c3ad3842f15cfa0fb1e9997c91e8bed05695170ec0a32daa9831bf03e09ec58458b7d94fa63bedeb0032b26dd012125ecfc8dab3845f7eaf5c5712c8af7e1f87b5735b21badb586eaf8c82cb76a4e8ff0e88ec5243db395c6af1f11abcf359f65cfe575b4dff7e3011b55b2fa5a4d2d90b2555aab0d56d07d07e77513d6828a129b3913ea4096c0d1c199d37f85fc0fa689a1e049cfefdb2d060e26c913ece7ee7cd188241453496356145bbfda054f6cd23f1b5f98394b024f9239a30f43a2b8dcec4a7306d518d2658f39e327719301b48490579ed781f44b23ee7f958e0063a9b2cb3ce756579884de413aadce48c06b4c41b6be73f5756c5dfcbfdc6a2e1643f6485141f9d009065eba2197ad24bf7c55507ae91a037cf2783e8d260100f37ace7eccbaa299c9b33edd40b8bea2755d1656a7f48c743c1ac19a595823373cf7a12ef5c4779ea88ff8906c85575d9cc1ea5cf1d61e3aeb57a2c643600f2757bb3633ce3edc808b0aa3dda69ec3e65da1bb83c7ed0fb52f12bc62dbb7304e95dbea07eb2978c6b626f1880ef8fa11df68bb549a9aa22e8f0756bed015d8d1a11f0c94ba15e47a5c8f1159bc2ba1ddf6edd4a680df4904a187fc951ff626619df7b7fc00f361b0346c43f4ffd6e6eace05905cc91e7193545c400bd5bcdef1d024b638022468f798030e916b2a46629716b57ded409662b89d2f28173d8b8c1a8201a8035e160150b2c92f6a6c290b601bfec90080f90c0fc2f4f554d83242901ee9c8225ceab7eda26c31e217803c488d21853d6666b9dee44f0f4db6d06ac83424d6f266d888f827a5b953f2e0c6bf885e83560cc02a62fe0e1c4b76afe47e4eb599543e3e22c130ee3be86d0ac87fd5727e1b1c6463ac47a1bf5d41d961adde1b1b52d612e359cc46e38fa2f099db5c63833b688934ee6cadca814b722faf1dd1086f0c99ac55e10d5dc56a47297de6e9f57e6d5dd24e487cfdb54ff2eed4d451f02ead80af2e0bd46b0902aeb174f9fe8901b7817d84d0ff59151a2ee94f7dc9d73046c8046e78ab187c8f22159177925e8355bf6a24f80c0d286f1005698b2b2d74268bcfc3210515786442e841dac43c047ce9163cf6486d52f45c1a38974d874b3f31e4076c4ab8cecd8c6f791875a60253b652e184303569545b59a04388361d7333178922f19df49d046e032200cac14426b716f3352210786896b2640d93fb2a281b19f13add96bcd8758d99c4cf7cde1e20c5ffd7606701cfdd4c0999b4883ebb23bbe3ec702921ae5957af2a20f0ad98bab47b95ed3f705dd085cc4e667d87ab9d3cb37a324f18416c82082ce7da310d97a989b677a4957475119d9d43a210d756f04bc2d3ac508e4f3f943860d05f766e042d2932fa040e95abc534ee1c97e4a3a50e4faa183f53a5fe66a0be1daa9c3e1ac9135b065b7ff9aab4c865b0770a7c71b06b6bab6fec5efce847aef4e068297e228b5baeaa0fa02dee375092c13ae0347951e6f41dbce63e0c22d2818cbb7e27f524242d3155ed936a2e3ea823c22fbd226bf44ec4e0490222717a66169d76e7ffcc54cf5b64c7aeb6dee45f6f7f10456c35630df047fca387971d35a18e0d505ae713cd81c5b147581896755ce8fad4f62ea78d87851da052956b29192849325d6a2b5e5139bf4ca2579c28c373105c96f3053cfa80c7b2f8bf75e522662cd991a50b2be6222c16150e529181ac25577c5589f4c3d67c4e36a320140921f4dfd8d67d932d9d5f63c2c1e849cbd8aefd57a89f3eccdb97c60f2f0cfd7df3a9fb2c3f35dd673db0e2b4b8f16c5f2e46ac3ec45ce9986d38c52d604f20637a978351ccb90bd671b4d0e53efb063b6c5f4f3e8589f9305a33a5de1c573dfbf90537ca559379c43d09ac8beb59dee5030a3cc11baf2df3f3cef7f1d92bcbc9d7226563a414e9006c70234e918b0a3a6ed3f57987f25d3de8b22edb3fb9dd4c41d9616618abe2b1ed090e369252a271b1559ed9315382eddefff82230b108c7d37abe811a2fa3ca25be9550ce70d9a0e8df0001576ca4612ada6053615b8743d1b6a4b4f6163edbea34f512fadeaca8fa5be66777ebf2775830efa7aa81307657f1a7711647255e66b68a548b9ccbf059af357894a289b5b40d6f94495a06fd8db8b23ef9aa248d78f2b452527ade6e9484003524a277d5f05cb59b24eac4fdf2ec1526ddd446b56dbd3c98e77217e6e00f5fbafd27710a71549860a21f955ac947945883115a06c8b94f2e961b66a3b930ed20c52d0f2729aee5d48180161b62368e3bbafc7924238f7e933a51336fd9de48d171417076193a85a7c8703103cbcfcd0d61c034ea03b57fcb87616f17315b16139ceeb15ba6e73f99c762c365194d1fe7d13b6f7184c9da0f608a4cec5a4d5f8511006dcd93ddc5051643389ee1405556f597f866b6faa9eda48af7cc696c38e887d4366b1eb1c3f01d995afcdbd536b63809932961dee11a360ed6c8d54602038153c900ec0ad3f914115594912c7a08fc8425d4e645a883c856aa55af4ede8f93e1e847bbad099300dcde9a50a9c4a1e503a524b81b44f2a9029a29b4be4dab7c80039475019c2efdd0337cb9a699fd527f43d6da3ddcc596d96cc6315f524aeeb6499f87d93e1a690ce25c4abd577ec839f43bead9f49947635e7dbdcd77c7e84d9c2b5bdc15b34565343d2fafc61daad9af27ec14bfd00074cffd66d0296bc6c3f386f4bc3684a80338aceb8ce01edb077cb1a9cf2694a0313744af1098686547af650f7464c738af11fd181361c1839fd5d9b7a93b9597a6f47a75e024f582052d7bbdd32dc9d90ab4848516f157fd6d4a32390ef8330112ca406ac149440227efe2fbc303e1a5cf0f3c078cb95ddfde588214e34df1197d7b5ce548989717ffa2f89849361504c718de833cabbcd4a820b633b4d205a44a3c152fd995cb9faaf39e749aab04cbf1593f1067d7ba79b424134c1cb387b17b293bfe88e90bd9ea952660e389aad0db4a14cf13fe97a20e2b60395562ff95a498dc1043b8809af37d9e039d77dd9f3b8afd945af0928611b5c58b5d734ac838d7888f5588df77c808ea0b5a989fc89540139da448c781ab5e5fbce6cf9294687e56d94b8075b82a8b361d0bb2ac8e1d0f0b4add6d5cde36060ed6ec74d998ed25f214ffbcce271ad5ff9a814e911f9b3ecf0b45c4775cfe14ab2d19e423c88540125ada9e811b6c5751de0e90308e8d5c25c3588666f0e2bfb2f130c0dd9687698a8589359e8845eb3aa30c16b1ae1ebf44256d73ba3f6a2d6935aa9c78619c62db2341a43a37fd01fbf92d2baf27847ddfc1b97ca44ca1edbdff0a89a556d5888fae2a9f816b996b6bc5f5707dfb508a52cc7a8d25c94876ec1a46b3d837f079f062220d39f4b7d1286838736550f6531121a498c8745e3bb046bbe752e191944ea11a0bb3e82fba899946fab95e2ef7c0eec5016822f93a6a637f1ec932f120c5aa598a9043b950e507af5d014ebefaf11ef7e2c4bfc91099d3d94ba67ad3e543c96d356f9f5c851566e2a8fdf2688f1c9b75f22860bd8eb88c7b2917703142e1d140e3e5b7c7bb4a1606904a8e3ee6e1509ba05c6879344633d23103e32fd0a92d9da0a976aa2a5d2b89f08633290e784087264097d2fdee8e24da3a877c73af2c6ff777c4af4927a18a5f6224d97102b5c644f84012a9edef421c2668b50b567b963725eb9a2685c1fc6cdd463c8f453420809a146dba9dde321313a050e66ed429fad6bdf77eecf45c240716ab497515773e3f3acc52c4bb12a36e7bfdc8b284a237cbf84b0cf5d57bfd473eea1944da93679f9cad57280bbf06731a1d067b115438702bb42a03eac5934aa76226d7d8ad61071cf696e22f86bb4c3f6f3bed47bd02791e99c579219107854181d90683dda2225487f791aaa9d6a853fc95ab9923c3b9c8187c41595855fda28056d5cbe4f9435c795fe8b28ea36056b5e7c5e284c700fc92c7c1f63a0bc096187bf681c50537cb8a88a4ae8de3ff7e6784a150397b63d6c68b74d4f64077d87e98e73780fe4a23d3f1c78ffba7d76f531ce2c21517566a7948e6d7703001fef69745be49d95908b5d501fb4e5494e28a5219166680975a3fe0077ed1a3faf6d06713679453dd46c00473f755f7ff9d8b4d7badad945156deaf6fbeeabe0e531f8c0f3baa18e7ebb8d4204bc06d8541209db1d0265a7846177731cb1ff762423486ed0e66be8878fdf094d28e2e75397422f9ce236036254aef3637bda72fd1da26cafb2a3c71213a7cea0981107157b5639ef6f345d746608510cffccf795c47b0530f0adecf6d47ee53ee10805dbc9e7ef795f47cee8a7933c8a5e9cda437641cabed45a9966bd104ae10c26b5262078b01bb5c071618fc9a8922b25a0b34113bde6af3b2f6274297d62f3985e95fe44ab8b060bf6698289ab7804816de06453fe8599802c3315138506b8ec029904a96136886d835dda0e8ab77ba24193760968ccf87dbedd755a35dab623a89b36050254a85e621a5dc814f26066a17bce4f8e3dc4d4d449b16e7d80920d709d0abbb8ef0e6ae3afe65d60884e985fbcae4af6b542641b69889a0dc0af332dd9e36c4df8fdad5d7a9c8d11011fc21d0c7cca546288226fd9a917aa40bd09a8cb9c8c0fa9cb50df0d50048aa3bf2a138b54686d8f873bc73fff11409bde187756fd714e9cba85310b2f2d870f2f89e7aceff3c7c3790d4c546e09bc4935da5a44073c162a77339bd91ca3cf13ba0e17c23a0526bc486f9bb00682303f1737ce6760b17f45749db9af2f2a17c6ab6fbf9eaedb95f65d226275599745296690e66164381ae9db62e8686b514498372a70fda054a3a3626594cfa613fcbcced338d3bfc7b51a1d11be95647ab4cfc7faad9f61acabc245ff3c08a662194b4cf80261fa906f89dedc0a5913e93c535a75edfc6b17fe5c7d33d5058f6fb43d9ad49b77f00e19c9cdd0d5e497d5e03c29c09a341072e68a62ca4bfad578c4c844f6b71fa264889c72d3399330c63f5f0895a9cdad1faa20f2ec4a21ac0969fad08e5d8a6a7bbb2f49cf7756cac61b4f92cc2173201a602f944ed681749e59900a1c33150be0eaf62fe7fa9680265a31cec0eebb2fc076414330b852d4040b3a4538a52a3ba22774732072577a25430e6b67ef7c73e038be056b808a4c7bcd831e4e89842e98dcf235cf24117187104cb6de94e53d7b9dc0da054b5fda1022139fcd41c3a3ac08b60b7ade8f45ce381197854765c7cb31b528594b202ba506b38e05b588bf854f376dfa4ad8d2150b7c2374d06c9a0cb0e24945b27161c0478ee26eecfb2609030ef5ffe85a2c38ad9cda0bb6f6ac667c7f1d5818030428d3f5d42d9748a35c97b41ab775303f374cfed6a52e9304887ce1e6cdc3b6a6b21d334cd528486c4318074e3b03b4ce10477990ccca19cd6ba505f1861175bff8ac18f62e06bfacd0215cb3ee66a0923597404ce7812adb451e273483d880fb594131c5d3e752503bf492b813e8c71bde2017ff74a463e9f75bc256af001bf034938b93c00b073133c9b121a4af645adaf28ab3d7a6de0247ae7b5ac3d9c68926b947f8aad75907a48b057805ac05115f062e1c86e0b2bd2d956513328ebeef8ebaaf099e00bc2b2d49b084982ae04b6b43947348edff2fc09ba9b7c24c53596af1a3ee63d555d121f2ec629b5138279766353feed5bcb7c7811f2bafa0a123690a5715b4d08fe3ff097124005a085c96311be010f1907464f97b5337ade64c1f19a3d9300d691385b45c43eb8da10f3b7a0b03d8e2f828b66c7020c42cff0c9542ffb17d96a0a4c466050d1c82f2342c065c023f00eb7654f1696ebe6f2294d57ff449926c5c817dda901536a13b00ae5a13e781b93c4f69169a4f79c60765fa537a61660441a187c2291dd1f438f7c95c68ed9f5691602b6fb4bd32deacabf4a2ae5de23c4864953ea9855fc4144ea64809aabb420c6858e008110bd5de717cbe2dcd7f9e6bf8674185fafd218b8afa7419d070979f72fa556657540ebcc3f1a80760b4bdb63dc6e119bcaa56b8f962389231986fbbbae1731e72b70928362dcf453ffa280b572c4af4106595f0deeac9d8738606fe26b62daf75fbbb424e95ff723d7346f6ffc788dbc57a3037d852b5eace9c99e1708d98120d763d4fac434c113761a854d082884ce97cd6df1ae8b57c04cad7489459422aaec2e24bfa258e4935f069ee7a067eded65762939213d0e4a0529556c666ac5908692a40e274a8e4204d08aa5da6ee31c47a79f1abcc1f271f36f1ca7926dc1bde0359b94aec03f2abe98c1a5f10d423f7edd299be4a3a900f3500b1c0cd5c0d2261eabc8945fcf9c944f896287f2ab98b64d00ca77f6938a09fb8b4a0ba9196c55d14e1011623638e23ddbfdb9b53decdd509fc888a2c06ce5836efed2c2b7c0493cae6bc181fa67c228ff158cbab6c7d33a8c7f41609dcf60259f39195b451b4ee81766fa484e3df97f87f1a5763f6956cff7775c06c765063493bcaedface6e08213e4fcab71cd47bcf1e4edf8e39f884dbfc72416e09d5d4dd6223b3da2f6c90553f8f4f4b962db25e637afc6977db33676022971d869ab6d9cde6d0bdc7f7dc0bce385a6711971b28e7bd1f94772c95acea9928cd10213cca3919e605010d143288d04724541a67083a532054e7f0f5ebed98a9158944ef4db1a5c454c018d73512e95b0173ea198a3d04fb114e4df7d02fd94494c6ffba460081937aa5b88e3832c69bc3ea84aaec7bc5a6b82219ea9b58ca1dac0af139f20e7830d181c0d349be883ef810bad9ebbbbf8d14c9e4f1e57f116363637496fb30f9ecef72acdb9efbb6f301964e1dfcacfc669e8bb50619721b76e78ccb18760cdad92cf125b8098d250b64174e7d800086ee9c9ff7f0b2645458557729cf30ff78127024a0a2b6cdbc4589c8c77ed6d21c4c009e75e6467407a4eb058566c34e92fce03b41c2510c38dcd6c7ced80b07c275d9e3ecca428a8d0f9467073da53e2e58e18ade63920dd84ff8e03d3a10862a6af157f45df25bcb7a97c67d2bf9f254e8c52faf4139f017f38c627c0ec6cc4ced49630dabd073b6592fe8e99034eb2bce384a617dcd6f746b005c5e9ee320c7d64854d46b226127118eb80916b358ef57921cae1e24378c5a7719bf31004c620545fc45d9053b93aed3d4095d342d1d020c429ac06f14ff6b022fdd9c741199cfb871771e06b290463b3079ee609664583c8b03e91155f693a39e451a4923b4fbc1758e7752d5739f7adedd04bdcb50a9d292f7f1408d06a06a1252903eb5425d1c747ba6a506cd93b204025307e9ddbfb1416cf4f2004b21e195d78a96078b503f7f671e25dd7588a77fb6ea5e20d6925c11ded71d9ed70a043f4ca352ae4676a8f7cda319f9b1cdc7dc8997796fe0ab51bfaaa41aa10e745977b92a0950fec545aafaedbe7495354dd30fe343ab43bbdf8acabe86942817a7aa5a539616c21e2bf025cddfdb022a54f0a613d38384bfa8e260b32c0fe8897829bf4366a046b04cdc0da0eb9cfb20e22ea6a7bf4939933d682fec46b76b47e45b65e5c5e2658bf2ae25c4cfba3343fa2d26ab36d37c96d190ef55ecd9ae71efc9f364c395b33d31a54b5fbc9bdcaaa1744cedaa0841c817291f32e6507c27732fb388c2677d7b6d2467a42339901f0ddc90639bf4b187fd95f637b8f4d586adaaf2746053ba45e62d4b98df56b7db499bc3ca942e8d644ae6c8599cf0d6852641013f5f3e7028728fb844e17a15ddaa2f7c9d6a3bb6b28e9a74e72557b524961540b2666baefde3c0e9f5c71c640db52eb6e7b1f4f23f484d1903a7c0c319e9a8bf87ff0f6669c69a941b28ae528f425cb6db37a0c2a3f86d61b97fd612a8095829a828ef48cf70f08274eaea0af7a9fda2e1a2f7d218d60c672b94075f6f127ad719bbbd269293eae092536fe4323aa63a6acfe1a8b688f53ae77d7f47a4bc3bbd3585bf707498cfa279b7a7e4df9478918408a9d6f5b63ab4b6f77a09f7d82404d63e08ecc1aceb2ed8900134fde49254cda48f2b5a97d6f596ba4feab0637a474c5ad6039fac2faa037975b8bdf6d319a87377abe761cccd9b1b34101a632546668028946ca5943e0752e07f6e1a59241666bb4f85e57e255ad26854798d6038acf724893c4c3eab2637c28e4688550755d4e6f3f8c21325077a9d63c5539129353edd616bc5e7ae70ec540bc50ef6ee516329883ecb37f110b8aa25bade7827974a14ab5b4aeac8a0ed2e5432796142fea9ffa2fe2224a120f44ece0a0c4ec6f1cd7f355f788f283dbe0bd337ccb5c5d7463b20b016c9d288f249340f114071cbd859016f5a4dfe794ac04d965b9fefeae21f08b0ca50ae5443ddc1d065242e74983e77fca5fdbb4fd0053119cdb2ca96a1a7e19785e4b4e024f7f639eabcb1962301b882edf5ad66fb4dbd96ee8b47ea26b330d16d7612c9ba7b081c7f4ece0884d4233661c0eef381e8b0a75d078b354e66a0fcfd12d1f32cfc806c469fe65439cdde5ecf81cd40ec8834a05cd10e0692f028363ea4ca8d1930716fc0aee824f53f3dce65e0a81d6dbe371e91df199b40131d35be0267ec5870284d0d8773575dc2c6c997ccb368e3266f0a4a2b03b6309964c844100c803fee1c038bd36bf0450e4f28d62f7c7e7462e52974aefbdc24f9e73820ef3493d81072ad0fd6034feb8019d4f1ae2e88714ad5deb0b07929e36c6f7b4eb3d4e1db0186a231803a405dd30a53ea56feb156bd02edf15ba65aec242f199e331fe0963a1b1eb1796f6020e602656cb19b9dda044eb4d1ac0e7d246090dcc89f5e744d775deb3fb780de102e7508c8292991af900a3a1badd0a484584e9c8b4e4e3d5fbc74869094817db24ab4d5a776d10a76f26b81de2914a72ab4d030a87d6215f808002f69b4a2c8324839d40c0343765ae99c0aa7e6903e187cd1ecf8123f3a3d1847fde121b9e53c8c3510a96944de6f541915838392e086d9e8eb0bb938acf3cfcdb16d88b4325b0cf4b799ea6ef208cbbfd720710e08e56caf2499f78c1c11380120d9f49a80f897df05152d3784e4c599dcb34f83a54b961a30c816fb1010c62dadae0708e87785b4d9a7b4a7f8754df4dec107bb157519fd400841a66c0687fd425913ccad19d37b08411620f59b5875bc15f6d1d28f87ee4ce126a68979aa00668f9cb5dd11fb8e9acdf0949d199c5de83d20b91d513856810feaab6500349880e8f7562727473e75a067e5c031d9f311cfdc2fb4a5233a11024a8bf82a46fbd57fa3fa56e35e717c00e6807ec061a88dd8f468049945d7b854efb7b5c1245b58bfea8a23fa8d52dc4c9fe4f9882e46e7fc9d35e242e93ff0f5fbe9a8bdfa9ff1aae12b1673a878ffc5fb7fad7282135225be6caeadd2835b4657f38dd8d9898a1a06a15cb943644baa9e56b8e49dcbe6129a187a4f5cfa4b62403dee207e01ffe19480e1dcad3d0a07975dd91783b4b0334d4d29517fa51951e3631ae128fb27e52707b382cc6d6f4630bf54754013df151a3d1eb2b1acf2e00a3ed1f9f82a288e92fb52840ee3caf4f354e44fff432a76163edbf73f491d73389b87dc5e9218080c2df8661e842674e91ba4cfb51c98e6f31e12d14da99b3f45cd07ea9516934e998fbdeb26728a6109e32575fa84aa5920c00506708fa511b508a0d75c07e7cb951a17d4c5ac600df9676a3e6997b82c1ee84ae75511eba46b5c99dc3460332311ac0649913993fcaed18d189e2fc33363dc4a44f03441693525a73f5fc3857a24dd685f45890d14967034472b68bc246744ebed7fae8570be050169b2c3b69791fa151ed1428cf2072c55192761dc6859a7218d9c076bbeb740f76db83d6eaf32fabe8b79169966bfc1a77b857932cf73a6393cf63ad99140922246ca3b7fe49a6944cb358ca232c871c49be094dbac3ce17a01905b2bc1dd7d3c8f893b7253d280933cba98875d1417861b4432c797bf9072b2df302f72d02f74abc4d86d2db08558a9f3eb19ee7dc5874c0d72b1538704a4dd7fd9fa4992bb2080c6b826d5f76712b9fdfaa821bf662623be1384ddb9de2769f161f4bbbdd1febf60b90d2fe01a11652cf32b898edec38dc27475a11629c7cec22e5b8739a29b8a134e1777535438772d5d25d9e9201a24d144da7a6899d112c0a52311709af0f694e3fb8bb991b5b30ca5fd92bc1863ce8e587cc7aa51bbebc21321a09ac380382c99bd2044fd56934dc0f23fbbac1a4e956e3985f2dbecf8d843b2220f74e93a1945131f1e9473211b2f382e1c39ae0e4018a75c18e3000000, 'image/webp', 'hungary', '36', '301231234', 'Szeged', '6727', 'Nem tudjuk', 'odry.attila@keri.mako.hu', '$2y$10$/AYGAbH1sQoN8UJpGSJ7n.68yQO8FZz.8pY0XZtPaBrxL8pBmPgBm', '2023-12-05 17:15:09', NULL, '2023-12-05 08:00:00', 0, 1, '');

-- --------------------------------------------------------

--
-- Tábla szerkezet ehhez a táblához `user_roles`
--

CREATE TABLE `user_roles` (
  `id` int(1) UNSIGNED NOT NULL,
  `name` varchar(30) NOT NULL
) ENGINE=InnoDB DEFAULT CHARSET=utf8mb4;

--
-- A tábla adatainak kiíratása `user_roles`
--

INSERT INTO `user_roles` (`id`, `name`) VALUES
(1, 'administrator'),
(2, 'user'),
(3, 'guest');

--
-- Indexek a kiírt táblákhoz
--

--
-- A tábla indexei `dishes`
--
ALTER TABLE `dishes`
  ADD PRIMARY KEY (`id`);

--
-- A tábla indexei `dish_categories`
--
ALTER TABLE `dish_categories`
  ADD PRIMARY KEY (`id`);

--
-- A tábla indexei `events`
--
ALTER TABLE `events`
  ADD PRIMARY KEY (`id`);

--
-- A tábla indexei `event_places`
--
ALTER TABLE `event_places`
  ADD PRIMARY KEY (`id`);

--
-- A tábla indexei `event_types`
--
ALTER TABLE `event_types`
  ADD PRIMARY KEY (`id`);

--
-- A tábla indexei `genders`
--
ALTER TABLE `genders`
  ADD PRIMARY KEY (`id`);

--
-- A tábla indexei `menus`
--
ALTER TABLE `menus`
  ADD PRIMARY KEY (`id`);

--
-- A tábla indexei `menu_dishes`
--
ALTER TABLE `menu_dishes`
  ADD PRIMARY KEY (`id`);

--
-- A tábla indexei `orders`
--
ALTER TABLE `orders`
  ADD PRIMARY KEY (`id`);

--
-- A tábla indexei `products`
--
ALTER TABLE `products`
  ADD PRIMARY KEY (`id`);

--
-- A tábla indexei `ratings`
--
ALTER TABLE `ratings`
  ADD PRIMARY KEY (`id`);

--
-- A tábla indexei `users`
--
ALTER TABLE `users`
  ADD PRIMARY KEY (`id`),
  ADD UNIQUE KEY `email` (`email`);

--
-- A tábla indexei `user_roles`
--
ALTER TABLE `user_roles`
  ADD PRIMARY KEY (`id`);

--
-- A kiírt táblák AUTO_INCREMENT értéke
--

--
-- AUTO_INCREMENT a táblához `dishes`
--
ALTER TABLE `dishes`
  MODIFY `id` int(10) UNSIGNED NOT NULL AUTO_INCREMENT, AUTO_INCREMENT=20;

--
-- AUTO_INCREMENT a táblához `dish_categories`
--
ALTER TABLE `dish_categories`
  MODIFY `id` int(1) UNSIGNED NOT NULL AUTO_INCREMENT, AUTO_INCREMENT=17;

--
-- AUTO_INCREMENT a táblához `events`
--
ALTER TABLE `events`
  MODIFY `id` int(10) UNSIGNED NOT NULL AUTO_INCREMENT, AUTO_INCREMENT=24;

--
-- AUTO_INCREMENT a táblához `event_places`
--
ALTER TABLE `event_places`
  MODIFY `id` int(1) UNSIGNED NOT NULL AUTO_INCREMENT, AUTO_INCREMENT=5;

--
-- AUTO_INCREMENT a táblához `users`
--
ALTER TABLE `users`
  MODIFY `id` int(10) UNSIGNED NOT NULL AUTO_INCREMENT, AUTO_INCREMENT=25;
COMMIT;

/*!40101 SET CHARACTER_SET_CLIENT=@OLD_CHARACTER_SET_CLIENT */;
/*!40101 SET CHARACTER_SET_RESULTS=@OLD_CHARACTER_SET_RESULTS */;
/*!40101 SET COLLATION_CONNECTION=@OLD_COLLATION_CONNECTION */;
